gear_int,rpm_bin,n_samples,mean_phys_torque,mean_ecm_torque,mean_error_nm,ratio_phys_over_ecm
1,650.0,146,-1.3575971039079544,20.189447636746575,-21.547044740654528,-0.0672429047259821
1,750.0,537,0.15354751850453024,18.98669973471713,-18.8331522162126,0.008087109431860293
1,850.0,349,0.5670259101571167,21.133723107046706,-20.56669719688959,0.02683038418195471
1,950.0,157,0.0,25.868855953387897,-25.868855953387897,0.0
1,1050.0,140,0.0,28.793532695268574,-28.793532695268574,0.0
1,1150.0,67,0.0,31.55916150755821,-31.55916150755821,0.0
1,1250.0,50,0.0,30.031800773688,-30.031800773688,0.0
1,1350.0,34,0.0,43.83148892652647,-43.83148892652647,0.0
1,1450.0,18,0.0,39.69860024243889,-39.69860024243889,0.0
1,1550.0,10,0.0,42.42696183433,-42.42696183433,0.0
1,1650.0,6,0.0,45.51855811403333,-45.51855811403333,0.0
1,1950.0,3,0.0,140.20409903346666,-140.20409903346666,0.0
1,2550.0,2,0.0,174.2918025111,-174.2918025111,0.0
1,2650.0,3,0.0,178.9045880734333,-178.9045880734333,0.0
1,2750.0,2,0.0,183.20464241119998,-183.20464241119998,0.0
1,2850.0,2,0.0,188.36470761655,-188.36470761655,0.0
1,2950.0,2,0.0,193.11431308965,-193.11431308965,0.0
1,3050.0,2,0.0,197.33618462125,-197.33618462125,0.0
1,3150.0,2,0.0,202.6135240358,-202.6135240358,0.0
1,3250.0,2,0.0,206.6594842536,-206.6594842536,0.0
1,3350.0,3,0.0,212.1322806835,-212.1322806835,0.0
1,3450.0,2,0.0,218.3869051748,-218.3869051748,0.0
1,3550.0,2,0.0,223.0778735433,-223.0778735433,0.0
1,3650.0,2,0.0,228.41385006245,-228.41385006245,0.0
1,3750.0,2,0.0,232.57708448945,-232.57708448945,0.0
1,3850.0,2,0.0,237.15708950110002,-237.15708950110002,0.0
1,3950.0,2,0.0,242.2822436952,-242.2822436952,0.0
1,4050.0,2,0.0,247.0413154468,-247.0413154468,0.0
1,4150.0,2,0.0,252.47153834295,-252.47153834295,0.0
1,4250.0,3,0.0,258.06446454676666,-258.06446454676666,0.0
1,4350.0,3,0.0,265.7521958379,-265.7521958379,0.0
1,4450.0,5,0.0,277.5237801535,-277.5237801535,0.0
1,4550.0,1,0.0,284.8698344984,-284.8698344984,0.0
2,650.0,22,0.0,6.598929880259091,-6.598929880259091,0.0
2,750.0,47,0.0,5.405039462910638,-5.405039462910638,0.0
2,850.0,37,0.0,6.684895570848649,-6.684895570848649,0.0
2,950.0,139,2.0563327766984196,27.61190659808201,-25.555573821383593,0.07447268334745336
2,1050.0,48,0.0,38.9347490747625,-38.9347490747625,0.0
2,1150.0,170,0.4874919554314885,31.95029360433059,-31.462801648899102,0.01525782396457894
2,1250.0,68,2.1674741921953937,30.449514225789706,-28.282040033594313,0.07118255405071837
2,1350.0,389,0.7878076654911311,27.582007645546785,-26.794199980055655,0.028562375720257823
2,1450.0,98,-0.7817785283374723,28.448717511741837,-29.23049604007931,-0.02748027316221912
2,1550.0,28,0.0,38.9722495713,-38.9722495713,0.0
2,2450.0,1,0.0,185.9537208686,-185.9537208686,0.0
2,4150.0,3,0.0,327.6474484859,-327.6474484859,0.0
2,4350.0,5,0.0,16.0620817812,-16.0620817812,0.0
2,4450.0,6,0.0,15.4271904031,-15.4271904031,0.0
2,4550.0,7,0.0,15.246101089042856,-15.246101089042856,0.0
2,4750.0,4,0.0,109.52754945375,-109.52754945375,0.0
2,4850.0,5,0.0,144.25644679694,-144.25644679694,0.0
3,750.0,5,0.0,15.1033268637,-15.1033268637,0.0
3,850.0,91,1.3256566447574845,20.84859305131099,-19.522936406553505,0.06358494510852018
3,950.0,98,-2.5333298366319816,21.42784894665204,-23.961178783284023,-0.11822604513122618
3,1050.0,437,-1.352655136963788,27.05530355044165,-28.407958687405436,-0.049995932754622795
3,1150.0,171,0.0,34.85013459058772,-34.85013459058772,0.0
3,1250.0,60,-11.59039794202753,49.19629572125834,-60.78669366328587,-0.23559493193751116
3,1350.0,14,0.0,76.5900234932,-76.5900234932,0.0
3,1450.0,3,0.0,153.0221734595667,-153.0221734595667,0.0
3,1550.0,4,60.31737709862278,21.7888469524,38.52853014622278,2.7682684278976466
3,1650.0,38,-1.5250523595426198,40.80416252508421,-42.32921488462683,-0.03737492121312622
3,1750.0,11,0.0,30.228384456900002,-30.228384456900002,0.0
3,1850.0,15,15.762941208770625,43.232491891120006,-27.46955068234938,0.36460866628898503
3,1950.0,52,-12.080760930297389,48.322036946373075,-60.40279787667046,-0.25000520867330983
3,2050.0,16,31.873594296184066,61.7771826335875,-29.903588337403434,0.5159444464347389
3,2150.0,20,-11.59039797373738,31.283787461179998,-42.87418543491738,-0.3704921594969882
3,2250.0,32,0.0,47.56539353829375,-47.56539353829375,0.0
3,2350.0,22,0.0,172.89342911218182,-172.89342911218182,0.0
3,2450.0,8,0.0,283.48022887855,-283.48022887855,0.0
3,2550.0,9,13.135784287788239,128.7012084542667,-115.56542416647845,0.1020641876292558
3,2650.0,20,-13.0044264969132,73.52010997094,-86.5245364678532,-0.17688257678141953
3,2750.0,19,0.0,62.513906030010524,-62.513906030010524,0.0
3,2850.0,9,0.0,31.04803200387778,-31.04803200387778,0.0
3,2950.0,13,0.0,10.997570898061538,-10.997570898061538,0.0
3,3050.0,21,18.577752113522646,38.596238187409526,-20.01848607388688,0.4813358240592186
3,3150.0,20,0.0,82.562570041915,-82.562570041915,0.0
3,3250.0,24,-16.255533099342713,96.56685672250417,-112.82238982184688,-0.1683344954061706
3,3350.0,17,-20.86271627774433,171.55395740458823,-192.41667368233257,-0.1216102303518552
3,3450.0,10,0.0,120.03280118958,-120.03280118958,0.0
3,3550.0,5,0.0,57.1393593025,-57.1393593025,0.0
3,3650.0,4,0.0,19.6552066087,-19.6552066087,0.0
4,850.0,220,-3.496089147063332,19.313781091636816,-22.80987023870015,-0.18101526213203256
4,950.0,533,-1.3627865731951356,20.53397624981576,-21.896762823010896,-0.06636739794648215
4,1050.0,856,1.1238240101208306,22.387048464099884,-21.263224453979053,0.05019973990421323
4,1150.0,758,-1.1151350310782278,30.641245923665963,-31.75638095474419,-0.036393266574612296
4,1250.0,1121,-2.017002155282832,29.03315767290598,-31.05015982818881,-0.0694723659757174
4,1350.0,210,-4.875377657192207,37.420272933207144,-42.29565059039935,-0.13028706834646694
4,1450.0,51,-9.066834991039682,41.18684269347843,-50.25367768451812,-0.22013911234995767
4,1550.0,51,-2.9568984433211853,46.167708607535296,-49.12460705085648,-0.06404689625073949
4,1650.0,31,11.739763935152464,44.63758795644517,-32.897824021292706,0.2630017541854515
4,1750.0,33,23.821048287960924,23.72826062558485,0.09278766237607528,1.0039104283217468
4,1850.0,20,0.0,15.497329652409999,-15.497329652409999,0.0
4,1950.0,20,32.75394141702609,18.936352550095002,13.81758886693109,1.7296858690382677
4,2050.0,32,0.0,56.9551268347125,-56.9551268347125,0.0
4,2150.0,18,0.0,88.78303589303333,-88.78303589303333,0.0
4,2250.0,7,0.0,56.252029186157145,-56.252029186157145,0.0
4,2350.0,5,-28.82346833622937,248.84842809534,-277.6718964315694,-0.1158274076989001
4,2450.0,8,79.99983081895843,12.8712998597875,67.12853095917093,6.215365323660418
4,2550.0,20,0.0,22.957691380445002,-22.957691380445002,0.0
4,2650.0,17,-45.51551164895581,21.669765423817648,-67.18527707277346,-2.1004155217540497
4,2750.0,13,0.0,19.262562066869233,-19.262562066869233,0.0
4,2850.0,10,0.0,80.80116340586,-80.80116340586,0.0
4,2950.0,5,30.827239055148727,113.4519923965,-82.62475334135128,0.27172056130501016
4,3050.0,4,-73.52925599252563,166.05954318575,-239.58879917827562,-0.4427884997267376
4,3150.0,1,0.0,183.1790364583,-183.1790364583,0.0
5,850.0,5,0.0,13.76093238544,-13.76093238544,0.0
5,950.0,601,-1.768533218799184,24.663579459722463,-26.432112678521648,-0.07170626719804948
5,1050.0,1932,-3.5634124940802603,26.87576896359017,-30.43918145767043,-0.13258829910719125
5,1150.0,2244,-0.8494564538733227,35.655337836255306,-36.50479429012863,-0.023824103357943015
5,1250.0,10820,-0.0794273918785549,113.84284138244836,-113.92226877432691,-0.000697693336831986
5,1350.0,8169,0.4068777404946721,121.92237182170777,-121.51549408121309,0.0033371868871585487
5,1450.0,136,5.600494580211369,76.63728556675441,-71.03679098654304,0.07307793509117823
5,1550.0,64,0.0,38.52326780750469,-38.52326780750469,0.0
5,1650.0,33,32.20874134709385,19.53386947168485,12.674871875409,1.648866416036093
5,1750.0,33,0.0,18.821082242063635,-18.821082242063635,0.0
5,1850.0,13,-37.38545866812907,22.461758644553846,-59.847217312682915,-1.6644047894795482
5,1950.0,10,0.0,19.00725858351,-19.00725858351,0.0
5,2050.0,4,127.54661583136158,17.74695499125,109.79966084011159,7.186957756654449
5,2150.0,7,-66.81013210356728,16.568790929214284,-83.37892303278157,-4.032287714233082
6,850.0,255,0.12206504577963495,22.17262085778706,-22.050555812007424,0.005505215038066441
6,950.0,885,-2.2656284792999197,23.26868217598441,-25.53431065528433,-0.09736814754547093
6,1050.0,873,-3.1343334196500043,29.756371887523713,-32.89070530717372,-0.10533318482164056
6,1150.0,2831,-2.826817489194563,79.35134312610731,-82.17816061530188,-0.0356240660564763
6,1250.0,2549,-2.5995945834865926,101.2684901360036,-103.8680847194902,-0.02567032035330374
6,1350.0,556,-0.40820989562609983,69.47160054348255,-69.87981043910865,-0.005875924729423783
6,1450.0,84,6.591971560329985,101.75905121044404,-95.16707965011406,0.06478019873335275
6,1550.0,14,0.0,236.2286448662,-236.2286448662,0.0
6,1650.0,8,0.0,247.24505661123752,-247.24505661123752,0.0
6,1750.0,2,0.0,216.9896175987,-216.9896175987,0.0
6,1850.0,3,101.59604546056676,231.39947424653334,-129.8034287859666,0.439050459346879
6,1950.0,5,0.0,234.49402930404003,-234.49402930404003,0.0
6,2050.0,2,64.95627377182711,244.13006696425,-179.1737931924229,0.26607240386059944
6,2150.0,1,0.0,274.6853125,-274.6853125,0.0
6,2250.0,4,0.0,286.479637276775,-286.479637276775,0.0
6,2350.0,3,0.0,304.91463541666667,-304.91463541666667,0.0
