<?xml version="1.0" encoding="utf-8"?>
<Channels>
  <channel ParameterID="12" Interval="10" />
  <channel ParameterID="13" Interval="10" />
  <channel ParameterID="36" />
  <channel ParameterID="37" />
  <channel ParameterID="2111" />
  <channel ParameterID="2113" />
  <channel ParameterID="2114" />
  <channel ParameterID="2700" />
  <channel ParameterID="2701" />
  <channel ParameterID="2705" />
  <channel ParameterID="2734" />
  <channel ParameterID="2735" />
  <channel ParameterID="2736" />
  <channel ParameterID="2737" />
  <channel ParameterID="2738" />
  <channel ParameterID="2739" />
  <channel ParameterID="2740" />
  <channel ParameterID="2741" />
  <channel ParameterID="2746" />
  <channel ParameterID="2747" />
  <channel ParameterID="2748" />
  <channel ParameterID="2749" />
  <channel ParameterID="2764" />
  <channel ParameterID="2765" />
  <channel ParameterID="4501" />
  <channel ParameterID="4502" />
  <channel ParameterID="12703" Interval="10" />
  <channel ParameterID="12704" Interval="10" />
  <channel ParameterID="12705" Interval="10" />
</Channels>