gear,speed_center,pedal_center,n_samples,eng_torque_mean,eng_torque_p50,axle_torque_mean,cyl_airmass_mean,cyl_airmass_p50,airflow_mass_mean,map_kpa_mean,ve_mgk_kpa_mean,spark_mean,spark_p50,knock_p95,lambda_eq_mean,coverage_ok
3,46.25,35.0,42,344.7172127927214,345.62015133305,1495.2822829767192,0.6148167679214286,0.6168188343000001,112.54944052789762,12.580776198888097,,19.919753736640477,19.80400462075,0.0,1.0007166346357141,True
3,46.25,45.0,31,354.13249615807416,354.1566051136,1523.6963674134647,0.6427838861290323,0.644491,118.47355267936776,12.981950364190324,,18.56452877796129,18.5,0.0,0.9999351464064518,True
3,48.75,45.0,70,364.8228699860086,365.9278026661,1530.0150245501773,0.6558817738557143,0.6525543933,121.42712410298999,13.153775250268572,,18.303538359788572,18.5,0.0,0.999936295532857,True
3,56.25,17.5,59,71.02018594360509,72.3015677728,584.2386592940388,0.24739541581864405,0.2408920188,54.68378637291865,5.339525629438982,,19.114935071350846,19.5,0.0,1.3330494273762714,True
3,56.25,22.5,70,46.689802326227145,45.314543236999995,445.0632354216728,0.2658396942657143,0.27140376104999997,81.03710459664286,4.849618439267142,,29.074588571142858,34.0,0.0,1.0086348694628566,True
3,56.25,65.0,26,415.2832540539462,415.26863744704997,1679.45898701485,0.7411419917000001,0.7416201923,151.84197216717308,14.358736645799999,,13.807289531192309,13.44607843135,0.0,0.9370587400115385,True
3,56.25,75.0,40,419.76353118379245,419.76794226695,1718.1364334880477,0.739232258775,0.73913795035,163.294376878945,14.358736645800002,,15.0,15.0,0.0,0.9120746265799999,True
3,58.75,27.5,75,132.43230193767064,135.9263841439,527.777752209296,0.377252451668,0.3845658784,87.74031250986936,7.759079995617332,,21.455915608296,31.0,0.0,1.0033084383800002,True
3,58.75,75.0,65,425.33009276707384,425.6213378906,1722.90319824254,0.746070117983077,0.7468139269,165.64451982378924,14.358736645800004,,14.754986156000003,14.8921568627,0.0,0.9027754521,True
3,61.25,55.0,21,423.5820877928333,423.5827780948,1572.0543675722715,0.7616401331809523,0.7616165254,172.30489132906663,14.495250968623807,,6.099962270628572,6.0,0.0,0.9045712689809525,True
3,61.25,75.0,90,430.13929883477454,428.56437969925,1894.4414560272648,0.7644904783566665,0.7585533333500001,194.1955219679544,14.273424835094445,,14.40923094818889,14.5,0.0,0.9022006513333333,True
3,63.75,55.0,146,369.3352630826096,426.11238965154996,1707.9878807294685,0.7682551791520548,0.7679864999999999,173.63504547778152,14.295851277450684,,13.577373535031507,13.850140056,0.0,0.8957491845246575,True
3,66.25,55.0,70,431.8717246811942,434.79134765624997,1753.1284270016974,0.7768769017214285,0.7761244939,187.0572539234914,14.154263355359998,,13.36270060002,13.399999999999999,0.0,0.8813314033299999,True
3,68.75,55.0,92,439.6479289963554,440.0298730469,1701.5590270089806,0.7868232652717393,0.79019201805,194.65384688868693,14.252997161385872,,10.107039410372826,12.4494897959,0.0,0.8923597825836955,True
3,68.75,75.0,63,408.923118645592,408.3201794835,2484.8458907135796,0.7167906390714287,0.7146140553,246.51122195619206,13.05516848069365,,17.998121026188887,20.69,0.0,0.9131276756857143,True
3,71.25,55.0,211,416.32135371492745,442.9989939723,1616.0143662522144,0.7954243931516588,0.799425,192.9729173660597,14.284792991194314,,7.425680502502844,12.5,0.0,0.9226574688658769,True
3,71.25,75.0,205,415.98700380873703,432.301007378,1607.943142249776,0.7706490722375612,0.7803668831,206.23160614140244,14.232666539039023,,7.43246543176244,12.5,0.0,1.0068884029219511,True
3,71.25,90.0,70,348.74248650842145,348.47467672415,1794.1730750462646,0.7879351379842857,0.79122840455,226.90796743627715,14.125814317001428,,6.83845011036,9.73641509435,0.0,0.90549794648,True
3,73.75,55.0,316,419.23803243748927,447.62303845639997,1596.556762694002,0.8059996907613924,0.8101757218000001,205.7744651523405,14.154837270118355,,9.68918114975791,13.0,0.0,0.9097022703003165,True
3,73.75,75.0,210,451.18576495706236,452.15664099665,1786.950018791396,0.8105506583252382,0.8127327778,204.62381256993527,14.219002023931907,,13.056339690802858,13.0,0.0,0.9137742211809524,True
3,76.25,55.0,309,448.7565562930252,457.2490212028,1742.044365883763,0.8202841908656958,0.822436019,218.75897821095182,14.033298222136567,,12.897790283129774,13.0,0.0,0.903360442966343,True
3,76.25,65.0,34,451.7064263302,451.7208663893,1849.6233063920092,0.827375765985294,0.8300828059,219.74960116207353,14.189182566247059,,12.943871107264707,12.950490196099999,0.0,0.8888562452441177,True
3,76.25,75.0,200,443.8584168477155,458.77616181409996,1846.9425777057925,0.8227357533435,0.82303180805,210.0992051632085,13.689452376376,,13.160076923077,13.0,0.0,0.9018773678869999,True
3,76.25,90.0,65,386.32172123210916,386.290902561,1791.6275418065525,0.8139362970430769,0.8144292237,205.14520198558,14.2136989019,,10.157611352233845,13.2755102041,0.0,0.895425735153846,True
3,78.75,55.0,203,442.3576922162867,446.8112161276,1821.5910156853215,0.8038827583330049,0.8153228673,215.84502831452411,13.40697410515074,,14.16659886935468,13.5,0.0,0.8955021852674877,True
3,78.75,65.0,119,423.31284140547905,457.5348901896,1730.992119672383,0.8220957873420167,0.830744469,211.39269162747055,14.195350482643697,,7.061822614953781,12.8529411765,0.0,0.8939329749117647,True
3,78.75,75.0,263,437.34685305192244,459.99803011,1768.585250939104,0.8235198126269963,0.826289823,215.20646582560914,14.072967125821291,,9.897147756129659,13.0,0.0,0.9003340048555132,True
3,78.75,90.0,80,450.98884630828996,458.52446266970003,1856.3191845640936,0.8231500020425001,0.82335519975,221.42319740267126,14.17403408647375,,13.0506184710725,13.0,0.0,0.8897535902125,True
3,81.25,65.0,251,436.5960056860247,456.3461503359,1817.2479012767094,0.8230667446637451,0.822875,215.5288793471179,14.188056040433862,,11.962473101456176,13.0,0.0,0.8954591245689243,True
3,81.25,75.0,307,460.0567866906206,461.3582459384,1795.1320458019443,0.8252682570338762,0.8270468009,224.5327475086658,14.173795132686973,,11.979355807675896,13.0,0.0,0.893574674693811,True
3,81.25,90.0,276,355.3492403164387,424.735789716,1731.7147833333006,0.7495315001130435,0.8222292565,244.81177838322247,13.642538384703984,,15.255543130527176,13.0,0.0,0.9082174409264492,True
3,83.75,65.0,279,456.0974829870579,459.2766462054,1866.0577559184574,0.8231883029419356,0.823125,214.69932863015268,13.805549785849461,,13.587145037028673,13.5,0.0,0.8963777366688171,True
3,83.75,75.0,383,455.7809827809031,459.2832861437,1805.1472141622671,0.8231124509375979,0.8237091633,232.00992975470052,14.162227153374152,,12.720765358596607,13.5,0.0,0.8936254306219321,True
3,83.75,90.0,330,347.5788814526121,386.24907309319997,1434.4983256575144,0.7818799708009091,0.80774181225,228.39480114946605,13.52283365712818,,10.369081636192423,13.5,0.0,1.023570898107576,True
3,86.25,65.0,289,435.91058743236164,458.2262053823,1825.8927445427714,0.8198484001470587,0.819125,214.95469099371522,13.37608611060692,,14.139605834193423,14.5,0.0,0.8965138954871971,True
3,86.25,75.0,385,454.0975723129161,458.0306636313,1827.299294425809,0.8191718659501298,0.8185872642,232.80171971794286,14.058742042610646,,14.258984153005454,14.5,0.0,0.8974606353511688,True
3,86.25,90.0,374,441.45635613109783,458.55748990489997,1812.0378410542144,0.8191328317804812,0.82079901435,214.76466772119412,13.293809006182352,,14.228305177494653,14.5,0.0,0.9053286761227273,True
3,88.75,65.0,290,440.1766857422093,455.9765625,1798.3620738261036,0.812446929535862,0.8138453638500001,226.2932943236676,13.548934795348277,,14.041264632742758,15.0,0.0,0.8992233880637929,True
3,88.75,75.0,288,455.1322252047625,457.02385739305,1849.0253407290018,0.8158377707777777,0.81648042495,239.0110759351819,14.061751926784375,,14.827221835700348,15.0,0.0,0.9016563161892361,True
3,88.75,90.0,293,449.440347927189,456.1442314475,1848.877218151732,0.814614745225256,0.8145,230.42254632441157,13.950577075055289,,14.698193129022869,15.0,0.0,0.902932852095222,True
4,46.25,17.5,43,156.79404832237904,154.6764457811,651.0115728696628,0.2760740479046511,0.2599923913,46.04538436692559,6.966994158367442,,21.699721493327907,29.0,0.0,0.9895552298465116,True
4,46.25,22.5,26,229.6260422227269,229.3808572451,979.5719564903501,0.4369741299115385,0.442608871,57.46823271586538,8.142383344980768,,25.985255640715383,26.5,0.0,0.9913548823076923,True
4,46.25,27.5,227,253.67368941984054,258.0115830116,854.210164721267,0.4681246032947136,0.465609375,64.66858055445728,9.786178269628193,,23.35104839537885,23.5,0.0,0.9950813402444935,True
4,46.25,35.0,296,278.81959046199967,278.32219945935003,984.6013338972631,0.5117825420672297,0.5070173837,71.53382950766994,10.211251276372636,,21.58010793193885,21.5507142857,0.0,0.9947394995125002,True
4,48.75,27.5,31,230.88180479487414,230.6883419968,846.2608299919872,0.4679018769000001,0.4668199627,67.54862599773871,9.80504186766774,,23.782693722645163,24.0,0.0,0.9945351698548388,True
4,51.25,45.0,91,365.2035076826989,365.130275451,1449.5154086385987,0.6578098379285713,0.6555712025,122.9382288704989,13.199090644735161,,17.09819766041209,18.5,0.0,0.9991857761703299,True
4,53.75,45.0,127,371.6331637119433,378.6268271169,1374.951141128348,0.6966599399614173,0.6987373348,122.88538287551262,13.788466391989763,,14.821008427813386,15.5,0.0,0.997510168296063,True
4,53.75,55.0,31,375.6738693425968,375.4812080169,1504.810515675587,0.7330097533451614,0.7344037559,133.88552744433548,14.073286688948382,,15.010998963761288,15.0,0.0,0.9869050504064517,True
4,56.25,45.0,85,392.21922916824485,392.2329343972,1387.3481812171142,0.71472686824,0.715152,130.81986085696,14.438000141932946,,15.293558672182355,15.5,0.0,0.9986749713541175,True
4,58.75,45.0,114,372.31394571335613,393.24819711535,1322.926989201792,0.7047838968482456,0.7180239835,134.4953817486623,14.078329591532457,,15.670659834564912,15.0,0.0,1.0002110332596492,True
4,61.25,45.0,198,386.3233466368899,393.19634721504997,1241.0033946685244,0.7233596869040403,0.71941451035,134.05175891399747,14.274341959663131,,13.252240582901516,14.82352941175,0.0,0.9989619371464649,True
4,61.25,55.0,85,416.1749456149188,415.899717206,1436.1045277625951,0.7471042779435294,0.7469022634,151.67454426465645,14.410048060048238,,10.889517736507056,14.5,0.0,0.9737643155199999,True
4,63.75,45.0,280,397.52384178024965,399.20155654925,1240.5771553685022,0.7199866484546429,0.7245745087,126.0635216385993,14.191315088146071,,14.669266891661069,15.0,0.0,0.9982453958057144,True
4,66.25,45.0,136,392.0501761424691,389.6536389207,1237.8554758386383,0.7143402078536765,0.7108007812499999,126.21682341011838,13.993654202243382,,15.070299289588968,15.8101851852,0.0,0.9973925704389707,True
4,66.25,55.0,82,430.31181985400974,431.08196051305003,1695.2697408187003,0.7629722032878049,0.76995877105,161.57431948679027,13.99729059064756,,11.754937291990242,13.5,0.0,0.8712047230146341,True
4,68.75,45.0,163,398.7881891938172,400.4844023803,1183.9330388903436,0.7324835634337423,0.7337676941,150.62065547032086,14.331575570005523,,12.114129413993865,13.5,0.0,1.0067910263343558,True
4,68.75,55.0,180,417.32799569017,422.76421478509997,1371.9886818306145,0.7274453714488889,0.73188524795,146.2915290394072,14.005298637671114,,13.401127903203335,15.0,0.0,0.8860323125677777,True
4,68.75,75.0,29,408.6823330346793,408.9264396067,1244.4196607265417,0.7369375143862068,0.7389464286,146.48651818785518,14.361985208093106,,11.160132355327587,14.6428571429,0.0,0.9052124023482759,True
4,71.25,17.5,92,103.55157281215541,113.69192738545,325.8190862787804,0.23757808804565222,0.24134375000000002,48.84423389289893,5.990843748691304,,35.35449990268587,39.4166666667,0.0,1.0271461094739132,True
4,71.25,22.5,52,171.41450338577883,172.7636265589,459.8722043271577,0.32527749224807684,0.33672031965,56.63811857451925,7.173873807990384,,34.57999811094616,34.0,0.0,1.0103991982038463,True
4,71.25,45.0,519,388.8453198472079,398.3442672038,1222.9085375231364,0.7334766982464355,0.7330641593,144.68297512548864,14.20932599869422,,13.16649909574528,14.0,0.0,0.9995612727314066,True
4,71.25,55.0,245,408.53200033204405,419.6397925205,1311.9808805896682,0.740152844702449,0.7390566667,137.4074649365951,14.3598232959098,,14.255778480152653,14.5,0.0,0.9103888871808165,True
4,71.25,75.0,45,424.1739281142778,427.0700467687,1291.928877457733,0.7498363376311112,0.7491886792,169.41958739517557,14.39835159734,,11.582679928544444,14.3854166667,0.0,0.8915460759999999,True
4,73.75,45.0,503,410.35392563040455,412.6321231618,1269.8330814511128,0.7427265978139165,0.7424906977,152.1873026375499,14.351372273863621,,13.394953753012127,14.0096153846,0.0,0.9421315354783301,True
4,73.75,55.0,354,398.74357487314893,422.13213417484997,1240.419974206425,0.7412915047409605,0.73671681265,144.66935636654208,14.30541672238983,,10.52423155720932,14.6732352941,0.0,0.9026310603228813,True
4,76.25,45.0,709,423.654344255269,427.0605357397,1214.8109101679743,0.7502888396284908,0.7507067972,153.17364890175077,14.151968527657264,,13.743380059812695,14.0,0.0,0.9060910007049364,True
4,76.25,55.0,754,409.9844896732064,422.13061172885,1235.836838345102,0.7439317053973475,0.74423954195,154.42485776225396,14.011424212404645,,12.022330675162467,14.0,0.0,0.9061611692197613,True
4,76.25,65.0,21,361.9572275858905,360.3418441433,1173.022852988662,0.7551374902428571,0.7539375,144.54125714285715,14.410396895561906,,8.441661998133332,11.1470588235,0.0,0.9787746501047621,True
4,76.25,90.0,80,319.83386991474254,320.0527446546,1414.8507260195463,0.7482151730437501,0.74281693175,228.9837108047675,14.124754427611247,,11.967045906827499,14.9454901961,0.0,0.90996650349375,True
4,78.75,45.0,850,422.5375079219866,428.0347969636,1263.0801843187974,0.7545374969412941,0.7565703125000001,162.08254542907437,14.207573055370355,,13.694854396729767,14.0,0.0,0.8870026910978823,True
4,78.75,55.0,744,420.9234365664475,428.91841059440003,1355.9117367305612,0.7540628133249999,0.75559782865,164.37345390056615,13.86967309736183,,14.45598375341626,14.0,0.0,0.8834475569169354,True
4,78.75,65.0,153,377.5444582292151,376.5945089286,1355.5197618569662,0.7628479345718954,0.759955518,169.0214774437915,14.296102933911111,,11.196274323723529,13.7291666667,0.0,0.9062909902078431,True
4,78.75,75.0,172,415.5559897171377,423.5027658492,1209.8298263029405,0.7506616360773255,0.74802139425,170.13471797096395,14.22857046885291,,8.714626568652324,14.0,0.0,0.9300857742860466,True
4,81.25,45.0,457,425.805574127628,429.4336610218,1280.095613003657,0.7587990956260394,0.7625136364,160.97889439275625,13.895701183828667,,13.82735250555361,13.5,0.0,0.8763510568212255,True
4,81.25,55.0,920,422.60871304053325,429.41575078755,1390.814245167528,0.750165004798913,0.7588466808500001,170.780263175218,13.608723906876195,,12.458559491053586,13.52020408165,0.0,0.8854072920116304,True
4,81.25,65.0,26,432.2596302165423,432.13086372495,1333.5076834660192,0.7657497097423078,0.76522098215,180.2853735216923,14.295400924288462,,11.26528974298846,13.58163265305,0.0,0.8816575003692309,True
4,81.25,75.0,60,433.1093930130266,433.4371663956,1359.7823991194316,0.76536357194,0.7577786720499999,186.44192919223667,14.209345885618335,,8.6933852668,13.92647058825,0.0,0.9123241540233334,True
4,81.25,90.0,22,428.786104317141,428.81731345125,1351.0997136225185,0.7592360842727274,0.75611619715,184.18534663544548,14.325689655863636,,14.244243613531818,14.2474489796,0.0,0.8814776712181819,True
4,83.75,55.0,1092,421.17933277075326,430.7248744932,1267.4088956399146,0.7612028187988096,0.7647464285500001,166.9888089374218,14.110107130554029,,13.034220146389744,13.5,0.0,0.8924959279072344,True
4,83.75,65.0,64,380.07741104739216,378.51375902815,1311.2873852688858,0.7629815718015625,0.7570887277,170.3823036209125,14.358999506306253,,8.990231851154688,14.1502403846,0.0,0.9003218845984375,True
4,83.75,75.0,48,387.39600628302713,387.13075492985,1410.65654448785,0.7752173040083333,0.7730404783,201.90857778354166,14.215704401679167,,10.818252644808334,14.5,0.0,0.8958482694229167,True
4,83.75,90.0,119,404.8218771623588,424.8244419643,1226.7554270790436,0.7661965476672268,0.765,172.2595333583504,14.197296344886551,,8.565679587886555,13.5,0.0,0.909871459729412,True
4,86.25,7.5,86,146.83182513560004,136.53991838669998,412.73147737243943,0.1846530962709302,0.17854944445,55.659322899803485,4.720880850209302,,27.326820906063958,36.5,0.0,0.8511781672372092,True
4,86.25,12.5,27,262.88712992631486,291.8447818396,760.7673342458259,0.3229220826148148,0.288935,115.7038315081074,7.992480520962964,,33.35317796228148,35.3725490196,0.0,0.7785028699481481,True
4,86.25,55.0,910,416.86756643854363,433.3331513866,1274.3210425305265,0.7576974090048352,0.77048313055,167.40984399197526,13.65744244724824,,12.976945565500001,13.5,0.0,0.8841100086452747,True
4,86.25,65.0,141,413.7610981441688,428.2976951882,1342.0069368843044,0.7650857754368795,0.7615221519,174.31706981213685,14.180062658465248,,13.179251296263121,14.5,0.0,0.8841939319879434,True
4,88.75,55.0,690,430.57546984720113,434.3372675908,1305.0171543877887,0.7766756615591304,0.77663871615,171.66283692104116,14.101328928980868,,13.258421059175218,13.242710795899999,0.0,0.8813033286313043,True
4,88.75,65.0,185,428.7567239067794,431.3710199698,1285.8770905708336,0.7732278043783785,0.7684612069,181.89566831277028,13.940370415424862,,11.419356760620541,13.5,0.0,0.8862185616464865,True
5,46.25,7.5,84,91.93069812116906,83.64304892210001,182.93846932187495,0.17286085665238096,0.17004089805,10.949069053444047,4.8089046046309525,,23.707651078086904,30.366122449000002,0.0,0.990953324329762,True
5,46.25,12.5,387,100.40394361284135,99.6583542957,213.67455284424008,0.22681475414418603,0.2278955696,22.747232696041085,5.96568730488553,,32.45774436156202,32.3018867925,0.0,0.9824152553322998,True
5,46.25,17.5,3400,121.96895046507974,113.9682340629,254.14838685889498,0.2662683637505294,0.26387499295,27.09623823977318,6.585526137612176,,29.869025391034974,29.5,0.0,0.9922991639377059,True
5,46.25,22.5,463,219.8002754082097,222.5592433481,594.1350785389598,0.43349174542872576,0.4383181818,53.598943080841245,9.503663696668035,,21.68685639876177,21.5,0.0,0.9917838873060476,True
5,46.25,27.5,107,243.20202370443457,242.6999535891,791.6973323855644,0.4547125258850467,0.4461340909,64.71750247334954,10.171512684622428,,17.22691600435514,24.0,0.0,0.9963285888570093,True
5,48.75,17.5,2147,145.3682032383447,145.4867945706,320.7087278052823,0.30164809974131346,0.3009799383,33.76816582004849,7.449578706900465,,28.252339002702,28.5,0.0,0.9944010134082439,True
5,48.75,22.5,563,191.20272311530834,206.4772600446,482.6513117579304,0.4030253285175844,0.4040227695,53.738747518568736,9.323596506394672,,20.387588756489876,22.1145833333,0.0,0.9928215146285969,True
5,48.75,27.5,156,241.60375142627433,254.56066031485,779.1225355569064,0.47593925951987176,0.476126956,66.46298524708654,10.255596741446794,,22.00980860632372,21.5,0.0,0.9948700914506412,True
5,48.75,35.0,51,278.09108444513726,278.0369100765,832.9783898282843,0.5064869525156862,0.5090957792,71.61625714648628,10.727930141274506,,20.698094506488236,20.5,0.0,0.9961257907294118,True
5,51.25,2.5,40,-7.09479011292,-6.99557620265,-73.68175318541249,0.1015208414175,0.10026131685,4.5980730176625,3.7189574182625003,,8.7836812609625,8.5,0.0,1.9999694824000003,True
5,51.25,17.5,1021,173.84120620381069,174.1818801975,422.6994686158989,0.3402434258498531,0.3401464592,40.41826022523829,8.415701956232418,,26.46938081999814,26.5,0.0,0.9982129084404505,True
5,51.25,22.5,24,217.40851489582505,217.30711146765,584.3739250963832,0.4174635006583333,0.41711407990000005,56.10396333653333,9.8306483180125,,22.772264070725,22.8033876501,0.0,0.9956636428791666,True
5,51.25,27.5,256,245.229823263757,249.3111903021,662.0270622214109,0.45435174091953123,0.45558570675,60.5533865167957,10.040264899655858,,22.311064659540627,22.5,0.0,0.9953140787914063,True
5,51.25,35.0,301,292.33051361575053,298.4026899687,877.2167840186788,0.5427934950700998,0.5397084942,78.65271911860964,11.041052084627907,,19.208388797597344,20.5,0.0,0.9926790473076411,True
5,53.75,27.5,187,260.7610058225631,257.0547405432,712.4734213102133,0.47755866595133695,0.4758913934,67.25717058263905,10.36312319660428,,21.951499556654543,22.0,0.0,0.9965672917160429,True
5,53.75,35.0,248,304.4940745510782,299.26381644435,853.7405150956415,0.5387836063903225,0.534262987,79.09732177967057,10.850477668245162,,20.514644120048388,20.5,0.0,0.9937422238774194,True
5,56.25,35.0,153,323.3966157307752,349.308984375,954.0913410360145,0.5948206746738562,0.6169407895,90.52161360025032,11.452061175283008,,19.158173023106535,18.5,0.0,0.9949192826117647,True
5,58.75,35.0,71,376.6924858577677,376.8929303279,1059.3899647980577,0.6199338130309858,0.6191666667,101.29992074433378,12.210639109554931,,18.833283905112676,19.0,0.0,0.9963647742239433,True
5,58.75,45.0,22,402.4385124502364,402.7710161053,1167.3667870034772,0.6826366525363636,0.68286784955,110.84666103762726,12.727889553104545,,15.365600785772727,14.5,0.0,0.9962988293727274,True
5,58.75,55.0,52,408.62976245864616,408.62768817205,1257.3845872155214,0.7355501361865385,0.7344026639,122.85189132333272,13.570732859034614,,13.622107349173076,14.655000000000001,0.0,0.9983142079076924,True
5,61.25,17.5,124,142.25157001922585,147.55217337099998,291.8440052759379,0.35086472389354845,0.3615420402,36.173370975646776,7.732894868784678,,16.281853128350807,22.185000000000002,0.0,1.0573118793435488,True
5,63.75,2.5,91,-12.235199389025276,-16.8311060855,-91.81202414764068,0.08965683528681319,0.0867362167,10.491545377153846,3.9865575429483515,,13.594277334506595,13.5,0.0,1.9999694824000003,True
5,63.75,7.5,51,34.09907924410196,28.481436287,13.626678725311764,0.12492905068627452,0.119875,18.53326227951961,4.52817372169804,,10.63729562413137,12.5,0.0,1.9999694824000005,True
5,63.75,17.5,188,190.31468235203027,204.1980365954,452.56321860344053,0.37738373495585104,0.39448477564999995,50.96746402157287,8.310047635855318,,24.334356319425,25.49056603775,0.0,1.0870448837414892,True
5,66.25,2.5,22,21.234424794699997,44.212008041299995,45.125061616286374,0.11582340620454547,0.1167277734,24.348458737795458,4.954047322868181,,36.6061228127591,46.5294117647,0.0,1.327536590818182,True
5,66.25,7.5,42,51.310713531852365,62.46052889645,63.276441986826185,0.14768015395238093,0.1425357143,24.23686741090476,4.956405389295237,,38.62782411041428,42.1927083333,0.0,1.1769284335023809,True
5,66.25,35.0,165,344.8313711199697,349.1657057919,869.0814398459374,0.693587573779394,0.6917380952,97.10012347124666,14.098555455132729,,9.810219849640607,9.0,0.0,1.0010269291127274,True
5,66.25,45.0,249,375.9611062442659,384.613032246,1098.3712297179493,0.7018547080240962,0.702817,123.9733180592233,13.800679115379921,,13.690001082263855,15.0,0.0,0.9995343163124498,True
5,68.75,2.5,37,23.28458267684054,36.6861908324,5.549527831581082,0.11882881790270268,0.1165132979,15.703575640483782,4.160242778040541,,27.872290112399998,29.1914893617,0.0,1.5322965954567567,True
5,68.75,7.5,87,21.830118611621838,19.6670123776,16.141648022708043,0.13353608124252875,0.1301037234,16.984212465774714,4.114340875163219,,22.63384785166092,21.5,0.0,1.4471941861172417,True
5,68.75,12.5,140,41.30068245369644,29.760694368899998,173.26770209376429,0.21195002410714286,0.23714551849999999,26.376128640364282,5.133512821520714,,27.169823243159286,31.536458333349998,0.0,1.192295820227143,True
5,68.75,35.0,612,354.967892161342,357.15804844244997,884.9401210208779,0.6936797152919935,0.69607081335,99.45595081259624,13.89361256686013,,11.278403975770098,10.0,0.0,0.9984289107511439,True
5,68.75,45.0,438,393.9834753654548,393.90183195689997,1040.7921864022348,0.7128820608305937,0.7082096519000001,122.10917690975502,14.049956057584934,,12.542454881702284,15.0,0.0,0.9986039216134703,True
5,71.25,22.5,169,207.94073565646332,193.8459285666,387.3013030497544,0.3901625118964497,0.36968,57.94984661883787,8.584180031657397,,21.362857072434913,22.931372549,0.0,1.0088407463609466,True
5,71.25,27.5,34,285.25357544315875,300.1101195031,934.6084467423265,0.5950622435617646,0.6057293578,113.59802282954705,12.79111389970294,,20.481973487985297,20.057692307700002,0.0,0.979704366264706,True
5,71.25,35.0,864,364.4391975851085,362.37984586150003,914.5481963562494,0.6911959094400464,0.6922613022499999,105.99741179428635,13.736438930179862,,13.559917194394213,14.0,0.0,0.9999733954791667,True
5,71.25,45.0,528,387.5914600931362,396.21766029245,1069.961436959182,0.7140494751183711,0.71344946935,125.33190258172975,14.078060078745267,,14.28448133582538,15.5,0.0,0.9979774947054924,True
5,71.25,90.0,36,328.4455873341973,328.4318906791,1252.0503165716584,0.7444680382305555,0.74415330185,154.05343172449446,14.213706590069442,,10.260925147836112,15.5,0.0,0.932785034188889,True
5,73.75,17.5,20,240.53867266829496,241.41618114405,513.39500886119,0.42886795434499997,0.4246359447,46.72781818180499,9.502583533880001,,22.791643879320002,23.018518518500002,0.0,0.9812197598599999,True
5,73.75,22.5,76,272.8217498375724,268.023407219,592.9114004912672,0.5252718210776317,0.5005672433,63.52989596671315,10.781739859009212,,18.553162753392105,19.0,0.0,0.9941021348934209,True
5,73.75,27.5,165,349.34220599182123,353.500523743,818.2695507958025,0.6694525398709091,0.6895266667,89.77345301354303,12.817965262454544,,12.615744095726667,11.79,0.0,0.9665165437278787,True
5,73.75,35.0,1165,365.33604224286296,368.5838228707,929.0066490987475,0.6627305312919314,0.6714839286,112.72244563157896,13.136182672061116,,15.94412028178601,17.5,0.0,0.9959270849254077,True
5,73.75,45.0,829,394.1669874201312,398.7453528339,1023.3252097758685,0.7166982848862484,0.7152340183,132.84796836774572,13.963643625227988,,13.957758479662845,15.5,0.0,0.9975658999139928,True
5,73.75,55.0,57,394.6203072786193,394.6210671769,1117.493649683249,0.7313429679842105,0.7312738889,125.31294445703159,14.459324945877192,,9.870994546270175,15.23,0.0,0.929974228954386,True
5,73.75,90.0,30,349.3285238565634,349.3319077766,1370.5907241079267,0.7346555045966667,0.7273608490500001,148.4188455069267,14.228803646616663,,11.146703296703333,16.0,0.0,0.9451813900299999,True
5,76.25,2.5,39,60.860361425894865,-25.8312908497,95.11238159156412,0.21310892845641027,0.1249179688,36.621359187461536,5.15365381854359,,11.627747406653846,19.5,0.0,0.985996610917949,True
5,76.25,7.5,38,45.10142986811053,6.31843384055,100.68234918102632,0.20163213600789473,0.14777472225,33.72956881222632,4.897417324576316,,18.095027966660524,15.0,0.0,1.0455430683368419,True
5,76.25,12.5,99,84.55253764833738,79.7282053154,146.18341855299798,0.21191919093333333,0.189215,34.75326419810808,5.466657568867677,,34.39742633339091,35.33,0.0,1.0121541859585856,True
5,76.25,17.5,188,174.86823917328192,163.45621612825,329.88310296368985,0.3108402829765957,0.3132204241,47.82906034508032,8.190322122090425,,32.33379530583351,32.0,0.0,1.0084072944388298,True
5,76.25,35.0,1049,365.85830991023283,371.9726139746,904.2387834048149,0.6678158970717827,0.6654675926,111.22615602697178,12.913166091350142,,16.428108214126883,18.0,0.0,0.9943253895130602,True
5,76.25,45.0,947,388.9244991475472,394.3830002145,984.6392598256627,0.7151796845588172,0.7190636447,125.10668933230885,13.795835208283844,,13.775932826111825,15.0,0.0,0.9976726499103485,True
5,76.25,55.0,90,393.89209218372116,395.19245661625,906.2532711554687,0.71592330637,0.71223557695,120.02892307875334,14.352338977447781,,12.203763955578887,13.9375,0.0,1.0050848018755556,True
5,76.25,75.0,22,398.9910697402591,405.8708709683,1008.0687941928954,0.7340471810090908,0.7351410550499999,141.9229514850454,14.282497694286365,,8.887530102949999,13.7244897959,0.0,0.9660628137500001,True
5,78.75,35.0,610,361.18024973505,379.0156206452,885.016414024232,0.6594747925824589,0.67084734515,110.03533884350657,12.452888805765738,,15.808283896859509,17.5,0.0,0.9811412565167212,True
5,78.75,45.0,772,393.1907378250885,393.3589042382,980.3471739556459,0.7201691415371763,0.7243614477,129.29008386940842,13.888045279375133,,13.692255380770336,15.0,0.0,0.9922583989829016,True
5,78.75,55.0,34,403.0796615235764,403.5486498712,814.0605234684706,0.7171107558970589,0.721325,128.99017288582647,14.354822822494116,,9.47023086157941,8.19897959185,0.0,1.0028546175235293,True
5,81.25,12.5,31,221.65185782234838,222.3118489583,458.8500749591612,0.31302686649354844,0.25425,25.515033886022582,6.336303318225807,,30.059025106319353,36.53,0.0,0.8276085653161291,True
5,81.25,17.5,79,148.60385512978357,134.6214648438,551.9483205373643,0.3251111948607594,0.2779594156,43.10014373551266,6.44241819437848,,14.141435286865821,5.0,0.0,0.9151482597101267,True
5,81.25,27.5,23,318.377537696787,321.0597460938,816.0805088702522,0.5725052395086957,0.5640707547,76.88527185517827,9.445031315608697,,17.24984300966087,21.0,0.0,0.8993673814521737,True
5,81.25,35.0,843,376.15676188343383,383.2989975742,947.4879967390955,0.6801562148079479,0.678051986,117.06742866349633,12.787995912808778,,16.66297750690439,17.5,0.0,0.9898658769708185,True
5,81.25,45.0,1278,402.6779582999885,411.7876817351,1057.1193179842337,0.7355374929390454,0.73990627425,138.21301462019062,13.896600175102503,,13.08268621771878,14.5,0.0,0.9599652632816902,True
5,81.25,55.0,79,414.8795930693797,419.0752480706,1060.4830344907127,0.7187618553303796,0.7185379464,130.2485757868924,14.331197833667087,,10.051114447730379,15.5,0.0,0.9765581705265819,True
5,83.75,2.5,28,58.86721254500714,63.5254595436,250.35527567249287,0.15699739264285714,0.15293784565000001,49.72293279039642,6.679153584207143,,45.08522199223571,44.9534042553,0.0,0.8548119284928571,True
5,83.75,7.5,41,94.49427761864877,87.8457094186,464.7698735898658,0.23332297452195125,0.2083697257,72.5252353627317,8.083598207226828,,32.22924790616586,35.2156862745,0.0,0.8477861921853658,True
5,83.75,27.5,73,224.3065333219699,220.9640625,502.3029581567671,0.4547748593273973,0.4304577465,94.32170128326577,9.425907042846573,,10.8227975542137,24.7291666667,0.0,0.9298454085164382,True
5,83.75,35.0,308,358.2163298069188,382.04588203385003,932.423064828012,0.6695583140493506,0.67534978965,117.8329742718461,12.274061852448376,,17.253415023846426,17.850531914900003,0.0,0.9750780173626623,True
5,83.75,45.0,1681,405.61503282423223,411.6699956176,1050.702180902,0.7406759264476502,0.74117723,140.42166440667827,14.115441012349198,,12.80577642040803,14.5,0.0,0.9609045123631765,True
5,83.75,55.0,50,402.628950525012,399.108050922,936.375089364838,0.725413161124,0.72772788915,129.31824109847,14.412640344912,,8.124384073625999,6.62,0.0,0.9911291392960001,True
5,86.25,35.0,26,292.27933920636156,323.9246899302,779.9677375008886,0.7206113482576922,0.71627758765,115.45863746768461,11.811534484780768,,14.437355946407694,14.5265957447,0.0,0.9255066896153845,True
5,86.25,45.0,1698,402.1804588385339,408.45569131540003,1000.9909878480262,0.7382877211181977,0.74184519545,141.27449961844516,13.982640856748882,,13.967029278624025,14.70820433435,0.0,0.9595087195359246,True
5,86.25,55.0,193,410.7867170602098,418.7289506598,1045.0582410955953,0.7467513156673575,0.74975,153.91373792750363,13.96245842501969,,12.046943937673058,13.5,0.0,0.9186684549647669,True
5,88.75,45.0,1626,407.12210779775756,411.32652384075004,990.9088957039338,0.7386680774110086,0.74028781305,142.19225835250174,14.240083524535857,,13.841050729568451,14.5,0.0,0.9600707880316114,True
5,88.75,55.0,142,437.78400261305705,437.80150566505,939.0842738483592,0.7726096298514085,0.78311744185,147.54778139284085,13.228529271378871,,9.18537150798169,12.7570754717,0.0,0.8638260109169014,True
6,46.25,2.5,605,32.1717793361757,30.2247440019,10.38591008303934,0.12622049350512396,0.124875,9.033058171886942,4.195214529754381,,27.36836287777587,33.5,0.0,0.9653176907636362,True
6,46.25,7.5,1340,52.449340454764176,49.970692535750004,53.07566160614411,0.15427850720104477,0.1527984161,10.998424126139328,4.725701119087164,,32.57738860266933,33.62,0.0,0.9646289914561196,True
6,46.25,12.5,2205,77.14161429809401,74.2848831687,108.43300581369394,0.18898170719052154,0.1850477941,14.797021233088346,5.5296964689800445,,32.16431680471936,33.0,0.0,0.9794530112548754,True
6,46.25,17.5,280,102.93392416266501,103.8143028846,180.86982480335823,0.23335413337928576,0.23401222225,20.84907139503643,6.356782289059643,,30.94686967008143,31.0,0.0,0.9925053240728571,True
6,48.75,2.5,296,33.98120044375811,34.0959986854,23.251616024236824,0.12931974625371623,0.1284365281,8.90424320955777,4.268810582764189,,26.96732183385,33.6680484694,0.0,0.9737719770959459,True
6,48.75,7.5,796,45.045357255203015,43.9608551934,49.72386963875716,0.1476050612744975,0.1499285054,11.122815125472114,4.679265267550879,,33.36968176187324,34.0,0.0,0.9609937241633165,True
6,48.75,12.5,1146,84.82531690809563,82.11899028135,118.81853229535898,0.2024230237102967,0.20269573684999997,16.828674270814222,5.814051456601397,,31.418550298480284,32.77225490195001,0.0,0.9739014255314136,True
6,48.75,17.5,257,137.3981270128101,141.228918309,289.9519596392716,0.2836655110042801,0.2776895,29.253445782187548,7.383833407920233,,28.153859592219455,28.5,0.0,0.9850382729579766,True
6,51.25,12.5,908,101.91088695373008,108.6900985054,186.24554726416608,0.23897543331156387,0.2417450365,21.441225858055176,6.389963948794493,,29.694324263573897,30.8605319149,0.0,0.9885293350661895,True
6,51.25,17.5,764,135.48157032070682,133.81617290395002,271.6260291736246,0.290616374075,0.2836605881,28.99260665468691,7.187723896202487,,26.79383945877618,28.0,0.0,0.9954326204162305,True
6,51.25,35.0,20,185.71648555132498,185.70699879929998,577.619022676575,0.519200482255,0.5241325430999999,58.40178557013,9.487484103625,,14.89871572475,15.0918367347,0.0,0.9911298809750001,True
6,53.75,12.5,353,115.02180614162266,116.5703125,200.94513599458693,0.25014043981586404,0.2475340909,22.879389756909067,6.533760017657223,,30.271686489043912,30.5,0.0,0.9976858218847027,True
6,53.75,17.5,1510,134.32478821734946,132.10790679870001,248.5017403705744,0.2817598592288079,0.2753968657,28.990482400096553,7.120017880708609,,28.443515190360067,28.5,0.0,0.9939284081980132,True
6,53.75,22.5,158,180.66066034966138,180.7870265046,400.33407397651393,0.36642072905886075,0.37207590905,41.33008706725126,8.666976286080379,,23.20844048090886,23.0,0.0,0.9966908348398734,True
6,56.25,12.5,485,111.12125739348268,110.8559956395,199.7311781692631,0.24929689824309278,0.2439904215,26.524549786949276,6.483897601016288,,28.75623814820598,30.5,0.0,0.9923857097210309,True
6,58.75,2.5,85,23.984047686863533,24.0174731183,25.052871166671764,0.10712617212941178,0.1064146205,7.393169674228235,3.7976039292576473,,31.20822759541882,35.4285714286,0.0,1.0095486455682352,True
6,58.75,7.5,29,37.735049596479314,37.1965956341,93.44415403884828,0.14645519524137932,0.1475,15.024833602831034,4.754044372127586,,36.52722523492413,37.0,0.0,1.0092256839068965,True
6,58.75,12.5,64,107.71510641688124,107.62567405145,186.50880853346717,0.2388731184609375,0.2270194328,25.786151350515624,6.303917078029688,,31.296744231348438,32.4230769231,0.0,1.00913971121875,True
6,58.75,17.5,72,182.44496934042917,182.45893058130002,314.6492069004528,0.3986125659083333,0.40859,40.38506453491528,9.3647690397,,18.158227704659723,16.82,0.0,1.0090639133680557,True
6,61.25,2.5,205,30.24169267091268,24.30859375,7.6389318760053655,0.11127835155658537,0.1111964286,9.329291800129758,3.974795157791707,,28.007487628007805,31.2040816327,0.0,1.0822856283365854,True
6,61.25,7.5,271,68.5943655289738,72.8586425781,83.37042109032545,0.17961153040479705,0.1796551724,16.089023252184134,5.328736785877122,,25.85158715203358,35.5,0.0,1.1858364973232474,True
6,61.25,12.5,775,155.03823229618294,165.6550836789,261.74096858354426,0.32306841997187097,0.3384458812,29.48629226505716,8.201706851664127,,22.79228584795897,22.0,0.0,1.0329212729326454,True
6,61.25,17.5,794,203.7614526396841,197.2643649194,340.3885177202656,0.4366754139031486,0.40821624850000005,41.13976526684408,10.376189157097482,,14.904490862680479,16.0,0.0,1.0410203796122166,True
6,61.25,45.0,75,346.06222595697596,365.4541487648,806.764638851332,0.6821649389493335,0.6830294444,87.25042476138266,14.034811611993337,,9.460511312218667,8.5,0.0,1.0045389132986666,True
6,61.25,65.0,47,119.7174913202936,119.6937888109,1073.944302039196,0.7067678614553192,0.7044611742,109.58250394386172,13.838160760023403,,-13.587230375253192,-13.25,0.0,1.0051381783170217,True
6,63.75,2.5,191,22.707372051191104,31.4631428303,14.85118772934711,0.1343698028748691,0.1208787554,13.652619899006806,4.477657297357592,,20.014068557067016,7.0,0.0,1.4786930360717276,True
6,63.75,7.5,1558,78.55874895179359,79.1033604165,112.50143479256745,0.18268320557798462,0.18661961085,17.89935516330122,5.676513262515339,,33.87763812965424,35.254999999999995,0.0,1.045415097205199,True
6,63.75,12.5,8083,131.54385305947872,129.703514369,208.98692705863232,0.27999597348764077,0.2783363734,25.54792243075655,7.278768950753099,,26.735444849921688,27.0,0.0,1.0158935243717555,True
6,63.75,17.5,9928,202.9470812062675,192.57316945305,339.2563615267009,0.41624853539942586,0.38906595229999996,38.965539587966745,9.872473114177398,,17.366447032913175,18.5,0.0,0.9993050942282837,True
6,63.75,22.5,2466,309.28060090459877,313.23511745145004,527.2735693802238,0.6718403846236821,0.6805075603999999,61.605256998975186,14.111429477154545,,5.473413814980657,5.0,0.0,0.9970950519195457,True
6,66.25,2.5,302,42.13618235596291,32.637232730250005,56.16399992813708,0.12921363220562915,0.11878862779999999,11.428773017802317,4.520469651601655,,33.82971744362384,40.01031914895,0.0,1.1182555138741723,True
6,66.25,7.5,3710,75.05589080545677,73.46265602304999,109.71295597353149,0.1819193366076011,0.1796910617,17.69489542437361,5.5966302613702155,,34.23723979803948,36.0,0.0,1.0445523879397305,True
6,66.25,12.5,12083,136.71415525704683,139.2917993113,218.04370847703947,0.28785077902482825,0.2920017361,27.264778316802634,7.404637031153431,,26.753663871876736,26.5,0.0,1.0048477351229081,True
6,66.25,17.5,18680,203.91256214977346,203.11409840185001,336.8746956508904,0.4163065840990792,0.41090879830000004,39.202853466381406,9.828966565849294,,17.453605585311035,17.0,0.0,0.9948597399802143,True
6,66.25,22.5,4067,301.2094206505769,312.3591256649,523.9989113670748,0.6417503278223013,0.6725542035,62.15848989176272,13.41531538211864,,7.85334332025611,5.6428571429,0.0,0.9976266048089502,True
6,66.25,27.5,2313,316.9428943091504,317.4814293033,539.4878904478801,0.6844654730961954,0.6858961111,63.87288083821981,14.312405645449505,,5.276145274410593,5.0104166667,0.0,0.9932107826460873,True
6,66.25,35.0,127,259.6813760101669,248.8466035551,634.0209477571094,0.6389569088181102,0.6820534314,66.58171704611496,12.078441487317322,,6.1624277413448825,5.5,0.0,1.0059032581307086,True
6,66.25,45.0,83,293.331370188859,303.8195850202,781.5550928791831,0.671454563645783,0.6878694238,95.35648972270481,12.669820609503617,,12.212422327151808,12.6698113208,0.0,1.0045307929614458,True
6,66.25,65.0,72,415.9230926726653,416.1945147711,1082.75985896136,0.7196546801305554,0.7191351351499999,105.37383852826666,12.755436250551389,,14.732859608997224,15.28916083915,0.0,0.9767041838833335,True
6,68.75,2.5,1178,32.87722713340696,19.870559720099997,29.09225301541536,0.1281963558254669,0.11448083335,16.638322435869778,4.57673824118557,,31.024220571270373,40.0,0.0,1.1150433596106961,True
6,68.75,7.5,4091,79.35447876031857,75.8950802365,99.11041424294754,0.18626051439274016,0.185719,20.519512246380735,5.6037770302098755,,32.296616888736864,36.0,0.0,1.0828051949852115,True
6,68.75,12.5,18017,128.88533551851282,127.9987502923,198.10271534314805,0.26638344926164176,0.2648928571,26.673071517889678,7.070958602488567,,29.21077162621853,29.44,0.0,1.0059660545194204,True
6,68.75,17.5,34479,208.6724804910958,208.0927398915,347.47719291469934,0.42092748570498273,0.4198228346,41.62190650907629,9.828840940417997,,17.945857338069263,17.2450980392,0.0,0.9963483998169959,True
6,68.75,22.5,4907,295.1244776761878,300.96,504.5719514317607,0.6262839780353985,0.6362385,62.45375541134162,13.182349028457041,,8.884293332475831,8.0,0.0,0.9992093815926839,True
6,68.75,27.5,580,308.07479733507535,320.8617531003,545.5462289826966,0.6309826429620691,0.6833556265,70.80305340001328,13.53257605977052,,8.890654469874137,6.0,0.0,1.031303959194138,True
6,68.75,35.0,494,323.9300218784279,335.87863426445,590.141383687387,0.6585389176730769,0.68764202745,79.85153433533705,13.921105659078746,,8.418172135471659,7.0,0.0,1.0039312042307693,True
6,68.75,45.0,408,323.5317780893128,336.20984253874997,722.0291525564737,0.6677744115676469,0.69835375,105.55141357879486,13.602915657598775,,11.537816179341176,12.718852459,0.0,1.012833170714706,True
6,68.75,55.0,82,312.97575713405365,311.75254882815,821.2855890760807,0.6818347431524391,0.6801454417,97.43924673374025,13.991384576381712,,9.137769432351218,9.665,0.0,1.0042419828378049,True
6,68.75,90.0,25,389.958936095504,389.9188026685,1164.86741345122,0.7064404243960002,0.7062978111,120.30771969532401,14.3587366458,,9.683243547596,14.1666666667,0.0,0.957414994664,True
6,71.25,2.5,2311,29.65638474415128,30.2854282041,24.644027385565813,0.13023402444950238,0.1245442478,14.124579996443446,4.413545924355215,,28.878929227341285,39.24,0.0,1.2412168347482475,True
6,71.25,7.5,5123,73.94326932642308,74.2329506687,106.82675000551087,0.18748658769449542,0.1839055556,20.096709751889694,5.610060435064298,,33.2585616795534,36.5,0.0,1.0894452199110092,True
6,71.25,12.5,12743,123.06471096304709,121.5152928897,190.6183050289012,0.2567369717141725,0.2534195205,26.899792770769665,6.8539499460237,,30.221097661649996,30.6470588235,0.0,1.0137893717927962,True
6,71.25,17.5,21214,207.09502488419832,208.547735116,355.2765513511865,0.41213520561663997,0.41367370690000005,44.025338102361324,9.585519523592014,,19.69884673457559,19.0,0.0,0.9975200726431648,True
6,71.25,22.5,2482,292.0929970343965,295.9274276441,506.92194360891295,0.6077126879018936,0.60803167025,62.737802208842346,12.722400430839606,,10.410791183226793,10.098921568649999,0.0,1.001054052056769,True
6,71.25,27.5,722,325.96709352795875,332.80497797584997,693.2459498236285,0.620152617198338,0.64051468895,83.3405496713079,12.390772858712324,,14.606847173665649,17.52,0.0,1.0095616878204987,True
6,71.25,35.0,1323,320.01135346602985,331.0777464207,571.3214178582176,0.6532908263297053,0.6865709877,79.01734625795956,13.329261591772184,,9.90958415632207,7.5,0.0,1.0023774979247166,True
6,71.25,45.0,440,290.25066841093115,304.0589440806,727.3854924435365,0.6759418381952274,0.6911736595,96.8631490574425,13.132041641510911,,10.977632180528408,10.1188235294,0.0,1.0146557616118181,True
6,71.25,55.0,212,301.1056630916552,351.9180398903,652.2283494858808,0.6902070536202831,0.70676895285,115.36478135037122,13.416079249083017,,-0.19972987507547146,-8.0,0.0,1.0669146287533018,True
6,71.25,65.0,24,283.4636458872667,309.1309321752,617.0078393539708,0.6685637529416667,0.7002015086,115.39386427409165,13.466717494441665,,6.239857968829167,13.61764705885,0.0,1.0050982850958332,True
6,71.25,75.0,30,255.89965797248996,255.7403408679,575.4516548538367,0.7232975080466666,0.7220767442,144.92207540603334,14.358736645799997,,-13.629333333333333,-12.5,0.0,1.0036710103233333,True
6,73.75,2.5,2203,33.309402685557785,38.2537018989,34.31405441416092,0.13191172565338177,0.132249,15.606617794464185,4.452200709347526,,34.5420186916271,40.0,0.0,1.1004474027939173,True
6,73.75,7.5,6168,73.09185456743901,75.6867627743,102.71984139838241,0.18023590899113165,0.18014169865,19.32786647626289,5.339704222190646,,35.63217544897535,37.5,0.0,1.0434578760131807,True
6,73.75,12.5,8781,114.54600212681868,111.2340719289,180.52455721641087,0.24555202511846033,0.238625,27.05401137667119,6.637734043086744,,31.421660359986273,32.3333333333,0.0,1.018940805633208,True
6,73.75,17.5,19901,197.07139792228966,197.4014246324,329.70390169296394,0.38840769626397664,0.3882878788,41.84309888158104,9.191966609307904,,21.061816426496137,20.5,0.0,0.9995454662623335,True
6,73.75,22.5,5005,281.45950041220425,284.5211674963,484.10280829592625,0.588685936447033,0.576692602,62.396346742328085,12.419255761969309,,11.282008607244135,12.5,0.0,1.0064976904707092,True
6,73.75,27.5,3082,322.26607559510927,330.7733091664,557.0888741803807,0.6780190783987995,0.6862589801000001,70.93483081214906,13.98753590757268,,7.237470938996593,7.0,0.0,1.0017568933731666,True
6,73.75,35.0,1840,330.4165276528655,334.53958873055,605.5331815642245,0.6699008160392391,0.68485238415,78.15516015412406,13.641448955120271,,9.942468613703259,9.0,0.0,0.994850507693424,True
6,73.75,45.0,301,334.571165689914,352.2108032103,637.9645100771303,0.6896282990282392,0.6929450431,90.10451013608372,14.030223330620933,,9.472978476156145,9.5,0.0,0.9886632372637872,True
6,73.75,55.0,371,276.0146574110331,307.7153846154,766.0556835046715,0.7041869956086253,0.7068420139,109.90060600792641,13.814112516908626,,2.5041247549994616,7.3,0.0,0.9961216693579513,True
6,76.25,2.5,1427,37.5916495709124,38.7919631807,33.10867467754352,0.13516045690651718,0.1357086864,16.648069238710512,4.77383103838206,,33.177585120963975,40.693877551,0.0,1.2281138638785563,True
6,76.25,7.5,5619,76.74138238059774,69.7244791667,98.95763469063462,0.1762939499457377,0.1731791845,20.58845893312294,5.555403496115785,,35.64634015359546,38.5,0.0,1.0747481686581242,True
6,76.25,12.5,18743,120.01952290165018,118.9977647966,185.55461464078297,0.24854162060045887,0.2479618321,27.54816817174058,6.761232454208051,,31.934431881799227,32.125,0.0,1.0072572165896387,True
6,76.25,17.5,53435,192.12560032419609,193.5759171196,314.12785070475974,0.378500587537816,0.38325,41.050944054259425,9.030438279479252,,21.752486229528454,20.75,0.0,0.996763788050553,True
6,76.25,22.5,22444,277.6392986501116,273.35485359065,468.68741659119905,0.5546388224044021,0.5415192058,59.82956762673779,11.899278139432724,,13.17649038258088,14.0,0.0,0.9947534531359964,True
6,76.25,27.5,4183,326.208778434653,332.0253968518,560.2369433516783,0.6792503248083194,0.6879382075,74.49103950079298,13.968948538309947,,7.789126910374994,7.32,0.0,0.9977493816081282,True
6,76.25,35.0,2033,325.0829629615379,332.8007051542,598.633388441382,0.6703383788880964,0.6823670213,78.2724281535329,13.487104837314758,,9.470218890572554,8.0,0.0,1.0075806354753567,True
6,76.25,45.0,320,323.8580777418637,349.8350322362,666.7246204328078,0.6722461232953124,0.6921004956,95.68000019932218,13.28609674595594,,10.1883834939125,10.0,0.0,1.0304599497506248,True
6,76.25,55.0,229,317.58468793345855,357.8737921464,801.2808676395097,0.6911568609493448,0.6999875541,103.96938606420873,12.523031510120525,,9.71510866764061,11.1041666667,0.0,1.004822513321834,True
6,76.25,65.0,85,291.6882803408553,319.08203125,806.6201810795025,0.701770733004706,0.70014,114.30533339124709,13.240820882658825,,10.731195585890589,14.5,0.0,1.0004679470694118,True
6,78.75,2.5,1770,39.76127581070141,40.7107143061,51.24438664787593,0.13673350917734464,0.1356752393,16.02846186034113,4.814850208837289,,36.26170078031627,41.6969387755,0.0,1.1968380687356497,True
6,78.75,7.5,6166,74.50948694933236,71.13128672415,103.41055398324949,0.17843599501858579,0.17449225665,20.248392487479453,5.534955372358935,,37.336947375671606,39.0,0.0,1.053734540420321,True
6,78.75,12.5,17950,120.24416247556266,121.81717600105,185.25001743760527,0.24675294984644566,0.2473704111,27.972637211374806,6.748905957013449,,32.95916741911847,33.0,0.0,1.0054560386456883,True
6,78.75,17.5,62579,195.21393444675238,198.083175955,320.1770466793647,0.3810431920386871,0.3849746835,42.19883620198036,9.088316245209738,,22.215587535059065,21.0,0.0,0.997219461185583,True
6,78.75,22.5,33059,269.63054184149826,264.1243942594,457.24037839531127,0.530887275913249,0.5172552083,58.61471229327382,11.50374638933915,,14.705856757927203,15.0,0.0,0.9955167519618925,True
6,78.75,27.5,5715,326.8130400952335,334.3181874669,569.6593356784956,0.6736462018966755,0.679628861,74.76466126518817,13.989930922776589,,8.584593399009378,8.3557692308,0.0,0.9945171816275415,True
6,78.75,35.0,4633,335.9491504460142,338.1271627825,624.6713499450001,0.6751526075515649,0.6834288618,82.57890957535238,13.805732387852213,,10.053987665942241,8.5,0.0,0.996336813883078,True
6,78.75,45.0,243,340.34236707348396,357.7850557677,660.1411205877585,0.6867913536687243,0.6894132231,104.26582542207942,13.856106678945682,,11.230196012255556,10.8529411765,0.0,0.9961329466633744,True
6,78.75,55.0,53,372.24138977942084,377.0393348312,679.4646843183699,0.6836251727433964,0.6798567814,95.07869398386791,14.052202080090566,,10.8897778262283,9.2647058824,0.0,0.9950582287320755,True
6,78.75,65.0,79,384.90712998663923,390.8346949891,781.1440287178671,0.6930748556632912,0.6902853774,99.4876016974,14.105941801083548,,12.633581548681011,12.5,0.0,0.9886916956215189,True
6,78.75,75.0,79,394.3785057736923,397.5712946429,847.8882141439087,0.7091266454632913,0.7092865566,124.10708717629878,14.075124579254426,,9.161151108040505,13.7596153846,0.0,0.9759934472518987,True
6,81.25,2.5,1640,28.132050881082254,26.60827138075,41.40149802343006,0.1268523989580488,0.11388575100000001,15.691777012104392,4.498559142172988,,31.697012024460793,40.7307692308,0.0,1.2375322328144516,True
6,81.25,7.5,7530,76.68079854830167,73.9307935114,109.37575565179893,0.18082241592752987,0.17915372145,21.135071531223854,5.608635777108142,,38.26410882714641,39.5,0.0,1.0418703086762682,True
6,81.25,12.5,15362,120.52714433719643,119.7905230431,186.58042358365327,0.24611710853802238,0.245,28.497436731040395,6.716309318832594,,33.54284167916268,34.0,0.0,1.005783991303001,True
6,81.25,17.5,34217,191.6005145429374,196.37609375,313.8055260924952,0.3713393206238156,0.3783708791,42.73828469367401,8.935053016644003,,23.490974567971634,22.0588235294,0.0,0.9993296590001548,True
6,81.25,22.5,36851,270.7490385812238,266.5465198864,456.7125467368218,0.5259236867784565,0.5140181624,59.95707772661999,11.478000609440127,,15.402771354383122,15.5,0.0,0.9967919133665301,True
6,81.25,27.5,9329,336.0309063953331,339.756053394,575.9195781379024,0.679502267305306,0.6818662109,77.4006479097921,14.14527635028297,,8.847633671232222,8.81,0.0,0.9923065099727089,True
6,81.25,35.0,7262,341.45139764298034,342.49150504420004,599.9024638803879,0.6831332753336133,0.68520912145,81.88049212010299,14.139712096919501,,9.350889811130997,8.9791666667,0.0,0.9929864230320435,True
6,81.25,45.0,276,340.88839199751055,352.9401649655,706.9744573681311,0.6954112428199274,0.6971289225999999,104.39460179154275,13.797116949274638,,10.84193504391413,9.96,0.0,0.9970564852681157,True
6,81.25,55.0,109,336.3178566946679,327.4236184675,833.4016229930805,0.7031607086183487,0.6993573944,120.25654572911927,14.1666760717,,12.03395725262569,14.54,0.0,0.9877563468091742,True
6,83.75,2.5,1400,56.82197362066221,51.1174906704,78.49268837971236,0.15850241158192857,0.14027779964999998,20.359708783005782,5.313099975769143,,35.22938675539607,42.0,0.0,1.1742739013360002,True
6,83.75,7.5,4831,82.20116278802708,74.5018880208,122.24182219964845,0.1901532093600911,0.181,22.73723722192935,5.857266186359305,,37.79155577767551,39.7959183673,0.0,1.0574459006577728,True
6,83.75,12.5,10762,122.08630102421141,117.02488712895,191.79574492958253,0.24893630802802455,0.24262357415000002,29.897551977590687,6.805045825812163,,34.05201812327655,34.852040816300004,0.0,1.0065576201838136,True
6,83.75,17.5,30992,200.14625958321218,207.730980543,327.65914440162913,0.38327995698827116,0.39646417665,45.149755068516896,9.147705475464303,,23.219489077409104,21.5,0.0,0.996628821407502,True
6,83.75,22.5,30355,276.478750454166,270.0068359375,468.57183544220044,0.5312601614941526,0.5149911504,62.537376912058406,11.513448172205038,,15.890223580120368,16.0,0.0,0.9963128904016142,True
6,83.75,27.5,6574,332.694946645453,342.6686161412,572.3651663862913,0.6708793878317463,0.6825005708,79.92612871426249,13.841966388277017,,9.976224625071296,9.3571428571,0.0,0.9922366433233495,True
6,83.75,35.0,7480,349.72011724929365,347.51061425575,623.2559392201662,0.6844928693880883,0.6868648797,86.65708764199962,14.068318182760468,,10.237823605009867,9.4,0.0,0.9922937069809492,True
6,83.75,45.0,309,345.1763315419214,354.1837668117,665.0163649121205,0.6853179086546924,0.6904946352,103.60165788885081,14.055464063658901,,11.0119751299589,9.64,0.0,1.000010727541424,True
6,83.75,55.0,188,342.58542874137123,350.0762555329,743.7513045745659,0.6946767666207446,0.69344505045,116.1163190368064,13.774794049870213,,11.292602593622343,12.015625,0.0,0.9999869670680851,True
6,83.75,65.0,70,376.27237144014566,382.08006683525,841.9788721826613,0.7099861477914285,0.7074713303,110.35314393085716,14.066422124034286,,11.10595919027,12.379999999999999,0.0,0.9725189288257141,True
6,83.75,75.0,24,344.8388434947083,332.78743990385,823.9019427424834,0.6931631448041666,0.6924485,107.90409662590417,13.856260836570835,,13.349843937570833,13.52,0.0,0.9978160858166666,True
6,83.75,90.0,77,380.91553500180777,403.0771205357,1007.1087222233142,0.7105259184142857,0.7089694444,122.88173391107274,14.26411915059091,,9.817072417527271,14.5,0.0,0.9685400790597403,True
6,86.25,2.5,2195,43.10764122233498,46.4017427885,47.50713907021071,0.13350963912068337,0.1337573529,18.29883406923927,4.659196790775353,,36.72490743621244,42.5,0.0,1.1686342994425967,True
6,86.25,7.5,3899,87.88042004613875,88.506750644,128.36277436810988,0.1958046315060785,0.1969111446,24.357117987841395,5.679783870382098,,36.9310292670207,38.7843137255,0.0,1.02822343227743,True
6,86.25,12.5,11267,121.10010668327223,118.9429863963,189.3683536990414,0.24610754863688647,0.2419147959,29.95632916187735,6.689196803612621,,34.77591836085857,35.2636363636,0.0,1.001398592203843,True
6,86.25,17.5,31448,200.5598384851281,204.8344643841,328.88227132875227,0.3809687312404287,0.3860528116,46.361302640660675,9.082196300101206,,23.96975877816273,23.0,0.0,0.996551147087837,True
6,86.25,22.5,38255,282.2113098657916,279.7866972477,476.6254052311729,0.5336326047612313,0.5241140873,64.29895960326404,11.542638533907391,,16.4260788051284,16.5,0.0,0.9960757405734282,True
6,86.25,27.5,9546,344.2566393586622,348.0980039343,589.3842984095445,0.6806744260352818,0.68525,81.55637046196921,14.03429796294115,,9.934903302858432,9.5612244898,0.0,0.9926376890904461,True
6,86.25,35.0,4298,349.9211137840277,348.4034285365,617.9062447154466,0.6873433768906934,0.68805963895,86.01020430406217,14.1492234774413,,10.234022594934366,9.5,0.0,0.9913805174377384,True
6,86.25,45.0,429,367.0905489210554,367.3631389828,667.2191189415723,0.7026587305839161,0.7026227679,99.85645625337436,14.098178292418648,,10.960703869335665,10.4081632653,0.0,0.9835452416645688,True
6,86.25,55.0,84,374.18777943610957,379.87239447415004,747.2022733033596,0.7009202915238097,0.69630062675,128.41721996565119,14.358736645800006,,11.855767869111904,13.42021276595,0.0,0.9848496804488097,True
6,88.75,2.5,1784,40.253223902260544,47.969274392049996,47.53852560353537,0.13500827483520178,0.13475365575,17.440727896971076,4.752142706595964,,36.24819837805527,43.09,0.0,1.1763417689007287,True
6,88.75,7.5,2281,89.27143697485103,90.2241341857,134.06119097441007,0.19292488089526524,0.1944680962,24.014358610513284,5.738315969809557,,38.860970287608026,39.5,0.0,1.0176865321913635,True
6,88.75,12.5,5089,136.36882736655295,131.4106043305,220.84721955776217,0.2679795217192965,0.2594305556,33.24785536690071,7.050917771009943,,33.606385025444915,34.3,0.0,0.996866150782079,True
6,88.75,17.5,14603,205.40715387962473,207.9381749018,341.2133467225705,0.3877469267522906,0.392373506,47.94844602600429,9.09421335628768,,24.066391756987777,23.0,0.0,0.9952146588562899,True
6,88.75,22.5,17951,286.9027887452113,291.7295298591,486.5906567299712,0.5417117692641413,0.5482090249,66.00991707197201,11.54398198823343,,16.64315462129785,16.5,0.0,0.9948603975264665,True
6,88.75,27.5,6652,345.5680761863392,349.27008158165,595.4863848391318,0.6771413393806675,0.6812199177,81.67249652934304,13.85896295242972,,10.504791282512855,10.188137254899999,0.0,0.9927476044696483,True
6,88.75,35.0,3089,352.2498969548802,354.5950520833,603.9241360807588,0.690877286009032,0.69325,84.26573885914452,14.095675704714472,,10.078998369918647,10.0,0.0,0.9929431416265134,True
6,88.75,45.0,80,366.37295515276503,366.457129356,788.237916052955,0.7049325157562499,0.70834646115,114.14156888377002,13.353367229535001,,12.482575587927501,12.56,0.0,0.99842442598625,True
6,88.75,65.0,58,373.0065340280535,372.83065003449997,863.2402927260965,0.706242853286207,0.70255719865,139.7418125552569,14.340735050786206,,12.54103481047931,14.622448979600001,0.0,0.9780296317706897,True
