gear,rpm_center,pedal_center,n_samples,eng_torque_mean,eng_torque_p50,eng_torque_p75,axle_torque_mean,cyl_airmass_mean,cyl_airmass_p50,airflow_mass_mean,map_kpa_mean,ve_mgk_kpa_mean,ve_airflow_mean,spark_mean,spark_p50,knock_p95,lambda_eq_mean,coverage_ok
3,3075.0,55.0,32,400.3078865621532,422.63326773965,423.767606446375,1434.0102132432407,0.7621389608,0.76189194915,170.03874800209064,14.470772867596876,2087.465113888147,166.47296700484375,-2.7437747599,3.5612244898,0.0,0.94068414514375,True
3,3325.0,55.0,129,362.4464858931294,425.3223390508,428.4310550805,1626.2079753473186,0.7682510748488373,0.7676298077,174.16589379565892,14.308349435130234,2097.7719564446697,167.10485992526355,9.561375785848837,13.5,0.0,0.9128296307341086,True
3,3325.0,75.0,56,383.9376522540928,401.45167516725,427.316894531225,1375.3036973136125,0.7632717094839284,0.7533497758000001,178.13453005893751,14.356950273591073,2106.5670473340483,169.614471565775,3.1542223912910714,11.7755102041,0.0,0.9451217321053572,True
3,3575.0,55.0,285,404.5638343681253,433.16375,438.9722190442,1538.9285947504395,0.7816037434733333,0.7798522727,185.70771257464352,14.246759357458595,2127.692617051868,176.51670781536248,8.570471486693684,13.0,0.0,0.9029523266459648,True
3,3575.0,75.0,126,430.9345753449636,432.8726811448,439.21170812075,1577.4756981884416,0.7824007945190476,0.78576008065,201.15830679112145,14.348781072346826,2133.8929385042347,194.2351290033548,10.490107138398413,12.92346938775,0.0,0.9158190464404764,True
3,3575.0,90.0,35,340.1376539408857,338.7261584052,349.94368489585,1594.726657599843,0.7855212119285714,0.7889836449,185.74462104962,14.184724504622858,2142.1537583436766,193.08320057866857,-1.8520625891028573,-2.7941176471,0.0,0.911237682,True
3,3825.0,55.0,489,433.1335427998456,446.345467403,453.4531124933,1692.981019162046,0.8094117755239265,0.8097795064,208.44457972538976,14.141722285542128,2170.065953527064,195.7315326199468,12.345669410153784,13.0,0.0,0.9051498557865032,True
3,3825.0,65.0,22,359.0147089389409,399.0729935564,401.9575162225,1551.0558524782136,0.8184623526363637,0.82390870085,199.3820480413364,13.643654279300002,2193.724113453828,210.4234602427091,5.142335343227273,6.83163265305,0.0,0.8967127524136363,True
3,3825.0,75.0,361,441.5702224367374,451.4661372103,455.3541294643,1742.297165118534,0.8086258798113573,0.8131267123,206.6494104403272,14.060667934343488,2175.9559442977443,204.84426628878668,11.552254198324931,13.0,0.0,0.9113766739002772,True
3,3825.0,90.0,29,353.96801633312754,353.0371204597,361.8720736379,1730.4973052509447,0.8031675711172415,0.8013219178,199.2287008991759,14.183205252110344,2174.264186533059,205.142885771138,7.162243086889656,7.6960784314,0.0,0.9004606528034482,True
3,4075.0,55.0,438,452.0613039342852,455.7346355694,458.813005641575,1834.212636673968,0.8131031036851598,0.82173755925,218.26427505911988,13.744654468258902,2196.002985064501,209.55881033146525,13.650903218129224,13.0,0.0,0.8974434894452056,True
3,4075.0,65.0,237,437.1553076706915,453.6469133324,463.4522744131,1795.415104812868,0.824114915435865,0.8300052743,214.1114135599785,14.232027296321942,2217.489706665508,218.70827315036456,10.462328751535022,13.0,0.0,0.8924285201945148,True
3,4075.0,75.0,638,448.94662357281766,459.6031276246,461.7227033768,1805.443910091935,0.8218656878916929,0.8252221698,217.88979637488887,14.061176682416455,2219.652177812316,220.7310614492829,12.036495078322416,13.0,0.0,0.9000935353506271,True
3,4075.0,90.0,254,388.4293571660221,432.77486053585,458.856206695425,1847.3938720411893,0.8180174508602361,0.8221668148,218.07886124739883,13.823777562862205,2229.456002361745,223.7105509079185,12.237446033434646,13.0,0.0,0.9088666238283464,True
3,4325.0,65.0,411,452.43568166856176,459.1894866838,459.5246277205,1864.191318841668,0.823350726920438,0.8233825431,216.455891230291,13.924804251588808,2252.6986903250413,228.86180752361216,13.455545106572508,13.5,0.0,0.8968360842980535,True
3,4325.0,75.0,442,458.2109744442534,460.13265462265,462.064750789175,1857.4915641376333,0.8231293711142534,0.8243981872499999,232.1700858867661,14.166138035058369,2252.1751683873504,234.1499458380165,13.42551435457172,13.5,0.0,0.896163444356561,True
3,4325.0,90.0,263,421.8450454056163,459.3158582351,462.6410312055,1876.5881300617616,0.8136977789323194,0.8279222973,230.1504703022433,13.929923460196578,2260.7420802731776,234.76963802223045,12.65467990643612,13.0,0.0,0.9396992218984792,True
3,4575.0,90.0,29,202.8128261398897,373.7469019397,380.3075161638,1822.7642043685275,0.7526338598655172,0.7759069635,245.5582715973138,13.480819951910346,2381.2255615624617,256.7892730766862,0.3493296641551728,-3.7340425532,0.0,1.0722607141275864,True
3,4825.0,90.0,25,195.661419433,385.1232786017,385.7326536017,1426.598579371208,0.7172449409720001,0.731634009,235.270599005836,13.546798754188,2337.478051725568,248.148860697372,13.5756617647,19.25,0.0,0.957049083356,True
3,5075.0,90.0,24,227.84885850368747,383.71861758475,384.3150820974501,1180.875538425371,0.7128796967041667,0.7239116327,238.12210344453752,13.678295827491668,2345.6435626465955,251.22172213305416,15.497820512820832,15.72115384615,0.0,0.9686854969375,True
4,2325.0,45.0,136,400.52341527144927,401.12556771965,402.768724156025,1207.874264404992,0.7273533898389706,0.7291494897999999,112.82971093487208,14.34140008345956,1984.7688017396413,113.105602833275,13.357072145883825,13.5,0.0,0.9970878723426472,True
4,2575.0,17.5,73,117.38936450060136,121.5380292923,136.3264936195,330.1501963895822,0.2431503180945205,0.2440605023,50.30459362803699,6.171375961223289,1568.1636723957615,41.081329299673975,36.974345230568495,39.5,0.0,1.0232215206698632,True
4,2575.0,22.5,52,171.41450338577883,172.7636265589,182.922484251825,459.8722043271577,0.3252774922480768,0.33672031965,56.63811857451925,7.173873807990384,1649.374179109273,49.08556999940576,34.57999811094616,34.0,0.0,1.0103991982038465,True
4,2575.0,45.0,120,386.4250566238642,395.3634321443,396.94775868812496,1137.397556721509,0.7304820427516667,0.73202745815,128.27242876679583,14.20889661029167,2010.9023829805592,127.57408764260168,7.954118377019167,10.5,0.0,0.9982766889283332,True
4,2575.0,55.0,23,396.7969921172434,397.9241622122,405.3638795045,1015.3423667969608,0.7355520263695652,0.7363047945,142.97015051072609,13.901342981578258,2042.4331370904,138.83811365999563,-7.2507558207304355,-7.5,0.0,0.9845532805521742,True
4,2825.0,45.0,647,387.8587708634527,393.0330787988,400.2598272306,1202.6823378202268,0.7237498697707883,0.72775,137.84224069208793,14.201798515230603,2070.4875881568746,136.95318896249395,13.53176917984374,14.9150943396,0.0,0.996329319179598,True
4,2825.0,55.0,211,404.3293313541901,412.353452621,416.25487756785,1176.6523181033697,0.7408715837549763,0.7428337156,142.64764783955732,14.359754967520852,2053.1239147999822,141.78218392399668,4.808844144658768,3.0096153846,0.0,0.9727411052829384,True
4,2825.0,75.0,25,405.07380920174,403.9655021067,408.1541367828,1135.9817277694,0.7278420343719999,0.7279299065,141.059183337108,14.275482390855998,2060.568922927376,147.50626181867602,4.204668101908,4.387755102,0.0,0.956731567388,True
4,3075.0,45.0,1462,408.830075354953,414.20868412325,423.6542659346,1228.91721949842,0.7420060162769494,0.74086505815,151.55735112956074,14.190409665458557,2062.7799735545104,149.43277197157892,13.80472537483577,14.0,0.0,0.9493436155104652,True
4,3075.0,55.0,1214,414.90444927561344,421.6315341853,423.731121591275,1261.9886252959532,0.7423637099600494,0.7409297964999999,149.0134810669458,14.295492137563098,2061.6676317698384,152.60595670405732,12.962650166130809,14.5,0.0,0.9003484970036244,True
4,3075.0,65.0,35,377.1114538200572,377.9518303571,388.2551339286,1191.1655511889996,0.7489492766171428,0.748875,141.43507843262572,14.34853018684857,2079.28264008534,147.5564052252314,6.785950425225714,10.5,0.0,0.9544315486742858,True
4,3075.0,75.0,72,421.2756435180861,419.66174832965,428.1899374136,1124.2376134162305,0.742569469611111,0.7431205356999999,156.63758350277223,14.28829146620278,2069.126052784503,154.72508660172778,8.036930503777777,13.20833333335,0.0,0.9376490300708332,True
4,3075.0,90.0,33,342.25679431150604,333.3877878289,339.5776932566,1158.7976051303758,0.737162968760606,0.7382032609,170.2875536555909,14.196092776551517,2068.602177466233,172.51607259196967,4.527336533436364,5.0,0.0,0.9381772073666668,True
4,3325.0,45.0,1461,426.1077345454663,428.4762105856,429.6022890356,1288.8280567572128,0.7554509100030116,0.7575742925,160.89587865489773,14.113440450782822,2078.942633091008,158.13250202349522,14.013380146990418,14.0,0.0,0.881827475387406,True
4,3325.0,55.0,2256,423.8338647297909,430.0227861564,432.15811375015,1294.3755785918968,0.7592996157358156,0.7615304975499999,164.2273505780947,14.153855815693706,2090.344108712059,163.8714602996233,13.636476948210372,13.63,0.0,0.8850973359702571,True
4,3325.0,65.0,75,385.8279615323,377.6760648596,398.38823610915,1252.118907601341,0.7561806452946667,0.756535967,159.93452572581333,14.336156652441332,2092.497823359321,162.34407206577066,12.350039021764,13.5,0.0,0.9182292005813334,True
4,3325.0,75.0,102,421.5298151331805,426.96951960885,432.448094517425,1210.992899877706,0.7481349811499998,0.74871720795,169.2563375743304,14.272972729808822,2076.1010688027704,165.99088307699117,12.722349795307842,14.29901960785,0.0,0.9163647706666668,True
4,3325.0,90.0,44,371.7670318539659,346.93249707555003,419.2615401785501,1215.8986290837886,0.7500396142568182,0.7499,172.8546769110523,14.202851971184089,2082.903599533057,178.23677796712954,14.103073183818184,14.5,0.0,0.9148138167136364,True
4,3575.0,55.0,254,409.4697403009649,427.78764206685,430.04649212367497,1473.4096601063825,0.740385394707874,0.7455909810000001,159.045386477648,12.99088576168937,2088.027607920544,157.89922216496572,12.338182550929922,14.0955102041,0.0,0.8774042079000001,True
4,3575.0,65.0,84,391.1101027107393,385.5306336217,429.19202450855,1340.904940056401,0.7630091630869047,0.7577890625,174.88144784428692,14.31462515637024,2099.996532768884,172.5084565091643,12.600957430755956,14.0,0.0,0.8859250634333333,True
4,3575.0,75.0,111,411.90530230075217,429.0914115347,439.5179596958,1363.7323243473077,0.7609283303063061,0.7576091549,184.98825785903333,14.232233942661262,2107.8266330338297,183.55570982118647,10.974960066727029,14.4705882353,0.0,0.8977835694585585,True
4,3575.0,90.0,33,400.9167288518788,425.4863169643,428.0077455357,1279.7504178299575,0.7628737982757574,0.7667253521,184.9401769688364,14.208533507403027,2102.8596907615306,191.4833994120121,14.089965889154543,14.0,0.0,0.8846464831454545,True
4,3825.0,55.0,245,375.0208321255395,409.1696693157,424.6107668297,1418.501698321816,0.734277864210204,0.736035,166.06684974204572,12.504831820920815,2123.463605261578,162.5303541481335,9.758640462751837,13.0588235294,0.0,0.8977338264640816,True
4,3825.0,65.0,50,374.139880768478,364.90110349325,434.98490569322496,1464.407142691956,0.7700747363939999,0.7698844866,184.175158591418,14.25028390077,2134.156816974228,180.651810683982,10.44493612108,14.47596153845,0.0,0.8889291798000001,True
4,3825.0,75.0,48,396.1010640495312,400.40656333555,417.76153074865,1453.3923752193066,0.7805657775145832,0.7779165797500001,199.50650683456456,14.224328050729165,2167.030045287373,195.95695802135208,7.012641246229166,9.34630503145,0.0,0.897316638875,True
4,3825.0,90.0,51,409.764171132453,428.7968794039,430.7805901605,1341.1703533318882,0.767379280482353,0.7655176056,195.2566759002765,14.2228504062451,2132.151698739582,197.9485869247824,14.627399101023528,14.25,0.0,0.8875999790686273,True
4,4075.0,55.0,252,426.5824364588143,428.41749015465,434.8384702988,1687.7694212519532,0.7454950101392858,0.7466271834,196.6129286425345,13.014691446824605,2160.046362955348,194.65682657362024,16.460228613631745,17.5,0.0,0.891162264790873,True
4,4075.0,90.0,30,399.42195391527,437.2830887528,439.755749401775,1398.7551242469633,0.7958779971700002,0.8067014218,216.60564507463667,14.120699285366667,2215.851855622254,228.0171420493467,3.1112471655366667,-2.0,0.0,0.9070781052733332,True
5,1575.0,35.0,26,304.4906764201192,304.47449846610004,317.619086110475,675.7822153852192,0.6770001502384615,0.6769714355500001,71.17771859977692,14.464450151657692,1980.0296875533231,85.91366890347693,-0.7961261427615386,-0.9744897959,0.0,1.006076946130769,True
5,1825.0,2.5,129,-1.6082166669232556,-7.2318695125,19.3475984866,-57.80178366771163,0.0962076166666666,0.0868607414,12.569237546726358,4.131934731676744,1311.277116197997,15.93522141605814,19.39451605280388,14.0,0.0,1.8558209602534887,True
5,1825.0,7.5,133,41.58964964104662,39.8828125,67.5490485464,25.58666634650827,0.1342808770842105,0.128625,18.98275869322707,4.615824370081203,1333.961032343378,18.39671450719023,22.723573879562405,15.0,0.0,1.6466084895375943,True
5,1825.0,12.5,127,55.098762820929146,54.8623872823,90.09909437185,193.1280737822788,0.2156016719307087,0.2373266461,26.5538160800811,5.38029722354882,1425.5748231376665,24.439779248498425,21.81819496331339,25.0576923077,0.0,1.363579380011024,True
5,1825.0,17.5,142,141.61166889260986,143.7349894282,167.410815949175,288.48304397068097,0.3374253314830986,0.35680165685,36.33224477021619,7.540834286002113,1590.48575171009,37.101550146936624,16.963955248408453,22.185,0.0,1.116584457092958,True
5,1825.0,35.0,435,348.8427018045503,355.772915008,357.10315943545004,789.4049732734666,0.6942894561783909,0.6934140625,88.39498011143954,14.358880790151495,1980.5129369028296,89.30409937500231,9.469501481710344,9.5,0.0,1.0022129030675864,True
5,2075.0,2.5,35,-15.30004524200571,-28.2622719227,-18.0521514161,31.877187837717145,0.1295168252342856,0.1229257813,20.952323871140003,3.85214499698,1320.1017492729088,17.491381654137143,24.49620777834572,20.34,0.0,0.9960200124000004,True
5,2075.0,7.5,39,7.834294484846152,6.7438555283,18.41256467865,62.51011452171027,0.1539389194692307,0.1481577778,24.650188057215384,4.232390305912821,1344.4784286581153,19.52899334275128,23.95493583408461,18.9285714286,0.0,1.0490264892589742,True
5,2075.0,12.5,125,61.65364199724321,59.2530467048,89.9939763435,123.8316540151696,0.1930208056664,0.1916664894,29.813926954372,5.0940607693984,1413.7276278060751,24.444911367266403,35.2156084691984,35.33,0.0,1.0148319591192,True
5,2075.0,17.5,369,185.93088175260183,180.0940378289,213.0397288861,403.3804634329038,0.349558221913008,0.3464928862,49.05566678657832,8.364583449853658,1682.4357979066556,45.95491738053821,28.66473474990596,26.5,0.0,1.0195951480761518,True
5,2075.0,22.5,150,254.48802525526136,262.63600242845,268.228727384525,462.80277057966,0.4758429627866667,0.4829132883,60.98402146980866,10.119963600998666,1750.9250353840032,58.93896298164133,17.708114259772,19.5,0.0,1.0010277737766666,True
5,2075.0,27.5,135,354.9219442259956,357.9656730098,367.8376916432,815.2403471720829,0.6937478297762963,0.6983266667,86.81204022163853,12.95385642751926,1924.919656406759,87.96231962795335,11.999452695432591,11.5,0.0,0.9679373679355554,True
5,2075.0,35.0,675,355.1367362098639,364.302184259,372.67622327305,829.3472563069631,0.6993754514259259,0.698912234,94.45319601632607,14.073037680640889,1932.783734123212,95.15782181489868,10.381153335805331,11.0,0.0,0.9965120408714074,True
5,2325.0,2.5,31,49.08508805230322,62.3960658482,66.85084751675,166.3388517662645,0.1875661371612903,0.1520964612,52.22049400325808,6.2050495390870966,1463.3366761697384,56.37768990843225,31.931717536812908,44.5,0.0,0.9967988761,True
5,2325.0,7.5,46,31.326965777395657,17.192685663749998,19.883025027175,144.73078012783262,0.16187300625,0.1421714527,36.41609480425434,5.078014066230434,1396.943663012043,36.50287772617826,24.26171331827173,21.78571428575,0.0,1.01355229253913,True
5,2325.0,22.5,52,204.9340447739385,186.0412242112,197.6794157059,361.2824405137328,0.3559525290826922,0.35539704245,59.34602608992499,9.078238259734617,1692.2355257418078,55.758994747309615,18.2719622758,31.24340986395,0.0,1.0091830536288462,True
5,2325.0,27.5,21,326.1091653675809,340.6278677697,343.4775184232,735.5331618127047,0.5846480309142857,0.6112855556,91.9943972579714,12.062569794666668,1868.8925897186955,85.22567734157143,10.872032990090476,14.0,0.0,0.973055752842857,True
5,2325.0,35.0,285,353.07421008983755,374.4931438724,387.7274645789,800.8561101667998,0.6872222168638596,0.7079704082,107.9364415215772,13.515974336734386,1969.9377090661533,106.85088605478384,10.927480196321754,12.5,0.0,0.9975114198329824,True
5,2325.0,45.0,284,366.7636713355824,372.6435538914,384.84454245315,878.5167903302493,0.7104377097257043,0.7149506912,119.89223273814964,14.214536983710213,1977.3240487327632,117.34629868674364,7.239733079494014,4.9855769231,0.0,1.000756409850704,True
5,2325.0,55.0,38,377.7996784365421,384.63394302505,397.717594225375,789.1402625714185,0.71076932125,0.71375,113.0729214882605,14.36080901681842,1969.7039170887472,104.92943070879473,6.462338935573684,5.056122449,0.0,1.0064533239763158,True
5,2575.0,2.5,31,148.3120400888871,119.998230178,295.427894404,417.3548057096581,0.3010551517451613,0.3179555921,44.53991612970968,7.056302870761291,1631.1299686144516,62.56160893420968,22.35538648594193,33.3235294118,0.0,0.9958602741096774,True
5,2575.0,7.5,44,92.87236878772272,85.74038332435,109.719646297675,363.6609566260386,0.2480339557886363,0.20549736285,61.26662767101136,7.166965309202272,1582.642984021493,70.64040710975,23.25939453141818,29.0669642857,0.0,1.1407901879500002,True
5,2575.0,12.5,29,181.07588560132413,175.1556600593,199.1999371408,502.6637857729447,0.352773059137931,0.3446619955,53.25590518697586,7.477383130337932,1702.175601405824,65.88066129478965,31.32425948097586,33.8,0.0,0.931361948810345,True
5,2575.0,17.5,48,173.9310575772375,136.23487304690002,295.52796803655,577.9084844886646,0.3790494438291667,0.2748271103999999,53.8951853074,7.4236821807416655,1687.4250511354687,61.74730167818751,9.259388974335415,0.931372549,0.0,0.956206813,True
5,2575.0,22.5,60,200.03327809848835,183.96776903855,184.3505859375,514.0598978277417,0.3977692204766666,0.3582814079,62.25403724850333,8.062193231023333,1737.4904939341316,62.79702053726333,30.551193626813337,33.0,0.0,1.008099095508333,True
5,2575.0,27.5,43,238.1011424373186,219.7197574013,224.20354646385,366.1778570385581,0.483989372288372,0.4362253521,89.75992352382092,9.74030457373721,1833.5705002474413,88.61144635687442,4.550256925665116,5.3367346939,0.0,0.9672116688906978,True
5,2575.0,35.0,1639,358.57760359936026,362.2006239395,375.6441938468,921.8750774432312,0.6581356532387431,0.6549382979,110.08579375230714,12.73398748571806,1972.804314408956,109.43585152170964,16.617162903752348,18.0087719298,0.0,0.9953134471753508,True
5,2575.0,45.0,926,384.2581308901415,391.2542327786,402.35868280445,932.990919591764,0.7210680726904967,0.7243346982000001,123.49453510791426,14.109907537376785,2007.1560644668443,122.32365298679105,11.411918105415872,14.5,0.0,0.9989922206443844,True
5,2575.0,55.0,148,397.1849990299216,393.863068665,407.716774832825,934.4351291265696,0.7162954285945946,0.7167291095999999,122.0631797051919,14.374626026508782,1999.2486699379688,118.13528052273918,9.646476421389863,13.1346153846,0.0,0.9941470596871622,True
5,2575.0,65.0,30,353.76706298042336,347.9934783585,348.18582749639995,947.1312563262932,0.7148113172833332,0.7142256306999999,118.00045470902002,14.29534194042,1985.02955822525,121.14812818291333,6.410030677656666,4.09224489795,0.0,0.99588169907,True
5,2825.0,12.5,30,208.28715668951327,224.0168260596,251.201738730225,564.7840412219367,0.41880705288,0.4408880646999999,57.57291925043667,7.958717148,1762.0604552626598,74.03248485807667,22.75439273354667,26.0,0.0,0.8442278698300001,True
5,2825.0,17.5,41,198.01015758083904,188.043203125,216.3674804688,684.717997334639,0.4238052856268293,0.4042939453,55.69326096039512,7.533125704782927,1806.8871901513048,70.19887906098536,17.568890270929266,19.65625,0.0,0.8871181400609758,True
5,2825.0,27.5,82,267.95967310935487,298.384435397,303.7539160265,790.615811923928,0.5196941423621951,0.50533823525,107.1883326662378,11.335356999432928,1914.4632297348487,109.867713608139,21.240542760046345,24.33673469385,0.0,0.948007248387805,True
5,2825.0,35.0,2459,377.3084639455613,382.5544634069,387.0898994263,968.1441696072076,0.6761180812338755,0.6773721461,119.0249821521025,12.946285692712603,2010.913132243572,118.93790329990796,17.12785987539955,17.5,0.0,0.9928432452855226,True
5,2825.0,45.0,4536,399.8647540359366,402.6013724662,412.1515347359,1037.963670055946,0.7238321995981923,0.7308890218999999,132.7816936562134,14.002747174376037,2038.31120975808,132.79410499210047,14.730175738173235,15.0,0.0,0.9929077799678352,True
5,2825.0,55.0,91,411.76979407409993,418.0859375,420.37439737945,1064.0632150955594,0.7296654116505495,0.7314233491,132.87983978793628,14.394549294785712,2036.9549146385816,135.17370634999452,12.511367847223076,15.5,0.0,0.9601004316890108,True
5,2825.0,75.0,38,372.9324416503158,348.60792699355,429.766803775175,1057.3162701603053,0.7310053369447369,0.7260707547,136.37560224024472,14.281760205705265,2024.6158754839928,139.31057306376314,14.356657255005263,15.5,0.0,0.9857904412842105,True
5,3075.0,22.5,23,250.4013931091,263.3355859375,283.0550195313,767.8502404102304,0.5659195971,0.557625,85.11293538266521,9.482593965926087,1954.525160540117,102.15554488362608,16.96469407829565,19.63,0.0,0.8836241710782609,True
5,3075.0,27.5,28,282.3354910326821,298.95044392255,314.60611328130005,826.1256420891071,0.5763380922035715,0.56433441235,89.15719206156072,9.80885837945714,1959.111892132582,102.617030872325,15.481537023535711,19.71,0.0,0.8826906278464285,True
5,3075.0,35.0,65,296.6263603248415,302.145644129,317.8198955186,895.4642650359201,0.6253331785661539,0.6363159722,112.49232017014307,10.639181079640002,2013.9580891077635,116.0314154331923,14.731782854563075,18.34,0.0,0.87882457728,True
5,3075.0,45.0,556,393.7291458030507,403.0580273965001,410.925219330075,1084.368539498388,0.734653893042446,0.7361207937500001,141.18612137560575,13.5142672662741,2053.4111933228187,136.5615166189822,10.235555800613488,14.0,0.0,0.917998864067626,True
5,3075.0,55.0,33,422.5597207330091,420.7154208586,425.2220892137,1164.2855383251972,0.7313256659545454,0.7307068182,140.3778575066727,14.354341562651516,2060.1268114062696,142.9065737662606,11.2560204688,15.64,0.0,0.955140673421212,True
5,3075.0,75.0,26,395.41495968196926,405.189299557,409.56570546095,1048.3396848628345,0.7337836022692308,0.7351410550499999,143.44868005256538,14.278703853507691,2064.4047972442813,144.7422581960923,8.754817311538462,13.7244897959,0.0,0.966581864792308,True
5,3075.0,90.0,30,337.0317927651767,330.65074881055,349.042716190725,1257.4641393538332,0.7357796383666667,0.7383172170000001,146.62221654912335,14.227116610196664,2057.6612558705765,151.75231549404003,15.366666666666667,15.5,0.0,0.9428006798466668,True
5,3325.0,35.0,32,355.24634983500937,354.17758781625,371.25466796875,1029.047764252803,0.66257458049375,0.6511145685499999,103.9028114736,10.404464072734376,2034.881881122431,109.92715836208436,16.192847222221875,16.57,0.0,0.8707373358999999,True
5,3325.0,45.0,406,415.96940065488496,426.8314885525,430.739912014575,1262.5078366983369,0.7521112790894089,0.7623341450000001,149.59812616843348,13.672110008948522,2086.532633192084,149.0170837173665,11.56651918819729,13.5,0.0,0.8756920872894088,True
5,3325.0,90.0,28,339.8689002505,349.3319077766,349.5082278197,1405.2712529852645,0.7454688232464287,0.75056839625,160.0831314799893,14.209451154464285,2104.3509940964072,171.56525556464288,5.064085865114286,4.10714285715,0.0,0.9284576812535714,True
6,1325.0,2.5,830,22.044301958667592,22.73056480535,39.139692630775,8.391744986090002,0.1204152112621686,0.11138099515,12.018634281111446,4.231364589637831,1305.1111138386982,13.127381065325178,21.221031079343977,19.545,0.0,1.3540094207475906,True
6,1325.0,7.5,4593,78.07802301297235,75.6099076705,90.549411526,110.81681276807656,0.1831161846494665,0.1809600457,17.588090652874484,5.6743716950998255,1399.851219615655,19.17327397209357,33.724157353535965,35.5,0.0,1.0454885564360332,True
6,1325.0,12.5,20439,137.44896918267452,139.7816013116,160.23347320505002,218.0840795667613,0.2884010890977738,0.2920753138,26.75665005133864,7.437449464885128,1555.9880598276986,27.26247598235525,26.60636715329208,26.2156862745,0.0,1.0040616257255344,True
6,1325.0,17.5,29359,203.4257748654515,199.9618675595,224.3915521461,334.95613249507926,0.4164751923134336,0.4057165992,38.82073743728707,9.868610170079377,1646.4239309005332,38.34118935993744,17.330754510366585,17.5,0.0,0.9962082753061992,True
6,1325.0,22.5,5277,305.9470489244946,313.1673632813,316.953515625,520.0904914153567,0.6647443274914914,0.679139,62.01664992583852,13.974602242425982,1890.1905825900749,61.84661019413145,5.968758052324522,5.36,0.0,0.997929328519727,True
6,1325.0,27.5,1980,315.6043865381382,317.15178147245,318.493281249975,536.6785049086458,0.6837024216504545,0.6847642351500001,62.95030614794192,14.33159745399021,1904.1930109317937,64.52266938567813,5.200629547632071,5.0,0.0,0.992528560128586,True
6,1325.0,35.0,24,161.87759552879584,174.0801890339,186.2257880173,525.7042481173459,0.6360687403458334,0.68208210785,48.54299815878333,9.483451079675,1863.5805017354123,54.0847274206,4.416801261100001,4.5,0.0,1.0135368578416666,True
6,1575.0,2.5,8256,33.60345378659845,32.9132618979,46.873593242,31.84259159647129,0.1309159030947311,0.12858039065,15.330244857792538,4.554673072644525,1322.0280037898008,16.753559725550506,33.22385060520219,40.2277908805,0.0,1.1666684155117977,True
6,1575.0,7.5,24985,74.52232874019727,73.7826486361,83.1464397089,100.37906154801874,0.1811168866239144,0.1793191489,19.85538736768957,5.497653472777298,1392.729607757366,20.511987371999865,34.71527410906776,37.25,0.0,1.0703403056647307,True
6,1575.0,12.5,68501,121.7437865927822,120.7730263158,134.9918512003,187.6646683265453,0.2538151904631597,0.2515714286,27.015808491446816,6.829527405893061,1515.970984315418,27.5463969465076,30.937329266768646,31.4615384615,0.0,1.0105959593341645,True
6,1575.0,17.5,170684,198.41866012157507,199.67553480215,224.3087260027,325.3694516822648,0.3933115525505349,0.3937773782,41.530709559694046,9.303949571283423,1638.2362198033452,40.705884129104014,20.554029948968687,19.86,0.0,0.9973038828633044,True
6,1575.0,22.5,56795,277.1121596433845,274.1658203125,297.5220786602,468.70516965044135,0.5581084335898794,0.5449481707,59.6961385353119,11.963890273666234,1808.2200541526124,58.64525302660125,12.916730565929866,14.0,0.0,0.9963293789478176,True
6,1575.0,27.5,10191,324.90898582592393,331.6432432432,334.6636246435,554.0962630938417,0.6788581062387008,0.6858205,72.61091726284862,14.062017135534315,1931.1739934173504,73.42493612230815,7.372167126656726,7.2551020408,0.0,0.999434807987381,True
6,1575.0,35.0,3612,325.2104171370217,333.55418424665004,336.318150226275,548.8547066361131,0.6817705091333333,0.6879258551,75.00986457743862,14.0003283287389,1935.106011937453,74.63842885037397,7.329651231462514,7.4285714286,0.0,0.9986582933767718,True
6,1575.0,45.0,95,254.4619198149442,266.7651194388,283.22623745025,470.9861478381959,0.6296323918389474,0.6604748024,82.82692481156947,12.390900944370529,1832.037511691592,79.98982096097791,8.00650003681158,7.5,0.0,1.009070510503158,True
6,1825.0,2.5,3369,41.518402151735295,38.9173879837,54.39784674,56.407199269454914,0.1407846916532799,0.1313650398,17.123981041470675,4.879884535036657,1345.1780646886018,20.48807009357406,34.1709607102116,42.0,0.0,1.208125183134432,True
6,1825.0,7.5,15186,77.53712923128279,73.66050255594999,83.247944233275,111.61192055436332,0.182183801797873,0.17821835365,21.379381570047688,5.6678815711409065,1391.3857205776749,23.566448055263777,38.1640005784789,39.5,0.0,1.0481737808520744,True
6,1825.0,12.5,34070,120.82502003783524,118.8585432301,131.32716251145,188.68302527973265,0.2465560463153096,0.2442476512,29.01762983086873,6.751818266800635,1494.6523811491272,29.91386719033124,33.61791278067958,34.0,0.0,1.007576187036789,True
6,1825.0,17.5,79907,193.8819821583116,197.7362413194,219.6807977043,318.913642116536,0.3745137296106123,0.3813409091,43.43844289428594,8.991384865872083,1615.0692638545252,42.69234012830797,23.451095426801647,22.0,0.0,0.9982925055856108,True
6,1825.0,22.5,78504,273.31368887471194,268.4330718036,294.09299892235,462.44969400817735,0.5296031884904604,0.5159852916500001,60.86805540938189,11.509712540401631,1775.1640230336038,59.773266435213976,15.479235424742374,15.6914893617,0.0,0.9966268943453356,True
6,1825.0,27.5,19027,334.3239533741971,339.672709517,343.4166138342,573.8878616010473,0.6782875612764545,0.6819951923,77.81238257963214,14.066173722906711,1944.2503385364505,79.86109298786408,8.99135761080677,9.0,0.0,0.993768476508346,True
6,1825.0,35.0,16639,338.9516186233132,343.2157999674,347.65468837385004,585.0657347992282,0.6826748922558568,0.6859618644,80.4514357155097,14.152830073257707,1951.153539856656,82.08422208155552,8.947085202593124,9.0,0.0,0.9944433176269007,True
6,1825.0,45.0,668,304.7423217151121,343.61607219755,352.5657175618,580.0485498573344,0.6614722952357786,0.6856503067999999,90.93645460761752,13.067071237518864,1914.095737202365,89.83492439595254,9.090650760976647,9.0,0.0,1.0224967231784432,True
6,1825.0,55.0,158,257.5243662284145,313.05888949135,348.8144468314,553.6396354134962,0.6548380272816456,0.6808847517500001,90.09641872259368,11.999566265953796,1899.687045565072,87.85835813251076,6.099090387606962,8.64083710405,0.0,1.074331942766456,True
6,2075.0,2.5,92,68.24214364249784,42.818472726,59.5344635214,149.21938666493585,0.186584638425,0.11860787675,27.13072985323043,4.939335635932609,1416.6685972643677,32.28525771332283,28.31480769648805,23.14835164835,0.0,0.918722092398913,True
6,2075.0,7.5,130,142.3090654982923,123.66085526315,242.7941624407,239.6082536289753,0.250039641856923,0.19400818775,42.46562502836616,7.332186038844615,1491.2212608307236,41.92033936369923,26.389343019388463,30.1176470588,0.0,0.9794316563423076,True
6,2075.0,12.5,187,127.86569390366364,105.5084438543,166.2201181911,317.0541017443134,0.2815003195219251,0.259125,41.19508726957059,7.440351912733154,1574.3949595922784,44.63367592384278,23.67903830417861,29.6326530612,0.0,0.9805598880673798,True
6,2075.0,17.5,6054,224.2823459635321,229.4610134838,244.75438231095,455.0186962040581,0.4168147127837132,0.4263514103,55.78903608012677,9.48680719859952,1732.5161326079865,56.77412828172776,24.04345590411911,23.6632653061,0.0,0.9965485331980508,True
6,2075.0,22.5,749,254.1712420337901,257.9402309181,268.1548177083,545.6546807042874,0.4877895619774365,0.4788256438,64.93323065014032,10.263710737482244,1790.168366237628,63.0307567434514,20.89522692475474,21.8469387755,0.0,1.007370382253271,True
6,2075.0,27.5,292,267.37362988651984,291.35639880955,318.57156223292503,569.4971201612888,0.5773122536578768,0.5437931602,69.01788487259452,11.235903160934932,1834.6124111788345,67.51436249413528,12.505067124825,14.9344897959,0.0,1.000633168484589,True
6,2075.0,35.0,2051,340.03643840294967,347.3248474383,365.7339573237,654.7006631728703,0.6657592115396391,0.6873525785,84.62871561353619,13.498551682239444,1911.9365338330224,85.30367471659201,11.720161785653534,11.5673076923,0.0,1.0014950082124818,True
6,2075.0,45.0,787,319.7967855336947,340.7782710124,362.6725904935,671.7110422511813,0.6783833893989835,0.6905072222,97.56004926004437,13.634991669485387,1939.078415979514,95.86667362829824,10.924123081188563,10.5,0.0,1.0017141492792885,True
6,2075.0,55.0,241,294.7326267208759,333.8960760946,354.7221000621,657.8580151808435,0.6799589259975104,0.6872526371,97.08209755842864,12.946987445419918,1935.0236506035312,96.70739571991491,8.733776675090871,10.7647058824,0.0,1.0427303949759337,True
6,2075.0,65.0,51,215.71196464596864,223.33984375,347.7866960929,677.8081866491176,0.6879810063862745,0.6927784091,99.3041716511157,12.216542279568626,1928.5104880411247,99.99834016199608,1.3885040883039217,9.5,0.0,1.007231958827451,True
6,2325.0,2.5,38,109.73016400880002,60.7548304967,127.24561365225,300.67292591156047,0.2200448149631578,0.14959330985,39.72948445757895,6.333131686465789,1550.9698257907628,52.17130095240789,36.61991887949737,41.05882352945,0.0,0.9236152685447367,True
6,2325.0,7.5,81,108.5592341925222,79.7250835189,133.1149922521,320.83881910404807,0.2566884154617284,0.2118791667,30.2056726671642,5.939421186766666,1608.9142402483976,42.28947149689012,28.53308252976667,34.847826087,0.0,0.9448483114296296,True
6,2325.0,12.5,52,115.02101073299232,87.5846948047,91.705610390525,295.3307191994231,0.2594039551884615,0.22875856165,29.77525148245769,6.3743317723884605,1619.0018317318809,38.12779482374039,35.590589005448074,40.63,0.0,0.9314838089346154,True
6,2325.0,17.5,185,214.751961596,238.7889660017,256.5236545139,516.6643427914146,0.3877345571194595,0.39792,55.92522453620703,8.582017902049188,1742.862146229507,62.097391593327565,26.4626989301827,26.5,0.0,0.9878189774216216,True
6,2325.0,22.5,249,273.7663685734121,279.0391732034,303.1397417397,633.122091033049,0.4920242958445783,0.490875,68.29229599891086,10.16478926887952,1828.984793090255,70.19737467757349,22.645574938446583,22.0,0.0,0.9998119479144576,True
6,2325.0,27.5,428,302.2373976925023,295.73648251835004,333.423090012825,663.5969666217258,0.5566579902450934,0.56754700025,82.41669392294602,11.531202959450702,1877.091141199468,79.737147576082,19.770503289848364,20.35454374055,0.0,0.993399161179673,True
6,2325.0,35.0,1014,344.88421754876697,340.9772581409,372.196696615275,746.3309060078352,0.6555495425993096,0.6589124712500001,93.13523662754092,12.91144517554862,1941.934847828106,93.7671221401068,15.75881038267071,15.5400160064,0.0,0.992575293126134,True
6,2325.0,45.0,572,341.9657483163977,350.7821711943,366.00998237815,768.4419474383411,0.6949623552206293,0.6954939648,103.30030290764336,14.056453697151747,1972.007433946434,101.70384860731416,12.655294342789686,13.7626530612,0.0,0.999891204230944,True
6,2325.0,55.0,359,320.3165692666596,345.29296875,372.9727522918501,752.3823915349542,0.6944741307406685,0.6985545775,105.83176413844208,13.65433313757967,1961.056702252043,105.80896689018356,8.914891251184958,13.5638297872,0.0,0.9968317855674096,True
6,2325.0,65.0,116,310.6808861183397,336.70943509615,366.781681687325,819.4909082397172,0.6904898841801725,0.6974387901500001,104.23048293560257,13.744206424173278,1963.002688236612,105.22657760710516,9.449020403317242,12.35,0.0,0.9968264827922412,True
6,2325.0,75.0,30,361.32565712277335,374.17590932380006,378.2035831515,836.4239343822132,0.6950760090166668,0.6933106223000001,113.68705361583336,13.840812445999996,1994.476469336584,120.02559551661,14.323719123546663,14.78,0.0,0.99942358768,True
6,2575.0,7.5,63,141.8236680104794,82.1609610098,208.77451142645,279.1304049635508,0.2909759166333334,0.197568662,39.638491187252384,6.185479256357143,1639.6668753165363,43.71066210309048,37.06732627360952,43.0,0.0,0.9217202836650792,True
6,2575.0,12.5,41,175.6506556697561,159.5929509943,213.7268461941,505.5767558930536,0.3338959624487804,0.1982505896,35.41614098351951,6.829139614585366,1711.8173100012584,52.17855440863903,33.92861724491219,43.0,0.0,0.9223073436341463,True
6,2575.0,17.5,23,251.4484215248044,234.1233633031,288.1962801441,666.408034999187,0.5184189913782609,0.5171757813,64.27492150561305,9.254124309243478,1912.358221546683,81.43494531307391,22.43298772992174,23.1,0.0,0.9889772437739132,True
6,2575.0,22.5,75,267.6859604226187,271.7231841216,281.32759039155,630.5590974107439,0.5132191488693333,0.503375,85.44006409777201,10.510380752708,1902.022547331796,98.63776443737734,23.067519270586665,23.34,0.0,0.9693852557626664,True
6,2575.0,27.5,574,326.4411519594622,364.61682573045,366.2942098441,749.1313266062375,0.5891437908670731,0.63717581775,91.91105591374112,11.79151664850366,1920.562303363765,91.81625521448134,19.546719960582404,18.0,0.0,0.988989148601568,True
6,2575.0,35.0,1441,358.8350148116086,365.8127391582,377.4358258929,811.8276285482739,0.6493106194615546,0.651375,106.13436000079328,12.595338997083209,1947.522527805244,104.81645303731008,16.608354205607842,18.0,0.0,0.9934814470419152,True
6,2575.0,45.0,219,363.541132579364,378.9671803106,396.8230460127,889.1619687762808,0.70883553446758,0.7101298283,115.96432663595388,14.245469212823746,1994.1599079839943,113.41841127788312,13.73803715005571,15.0,0.0,1.0002230361168951,True
6,2575.0,55.0,260,332.36471803451343,366.129428506,384.134225484225,844.7785720514069,0.7071773235196155,0.7078494955000001,117.63787656907346,13.99702100101,1990.8520179559084,117.7004887210223,6.495111710073847,14.20166666665,0.0,0.9910842776369232,True
6,2575.0,65.0,147,354.6589763779823,393.2872781636,413.8069458593,928.2759905855256,0.7085908540244897,0.7098668224,106.02138706665444,13.67606640192245,1985.125680330428,109.65458154848572,10.701353403478231,15.0,0.0,0.9891326907340136,True
6,2575.0,75.0,43,367.4020166371768,380.4985955056,391.8867827869,939.0621438622278,0.7053274755697675,0.7050608836,125.38161103607906,14.168879027737212,2005.7069207253137,129.61702797224416,11.524607922148835,14.76,0.0,0.9849645441232558,True
6,2575.0,90.0,39,382.15483002182566,389.9188026685,399.7473144531,1007.7313861496178,0.6993432211923077,0.6976059908,111.8935926731282,14.308479370658976,1964.6415825130512,114.70379751795386,14.508585444643597,14.9615384615,0.0,0.9760459775384616,True
6,2825.0,35.0,427,370.9440905284951,374.4765096533,381.5446302626,891.955889574284,0.6598082414051522,0.6571836283,117.35491341909156,12.702526074477284,1999.1911526029048,118.6124046012248,17.319171561516864,18.2755102041,0.0,0.9933772199131148,True
6,2825.0,45.0,114,378.6380127764974,393.6144486351,398.9523572489,977.0910054930824,0.7201869986245614,0.72030844905,124.43258015179474,14.300281697179829,2028.2914727984587,123.60675349477192,7.203353010014035,7.70408163265,0.0,0.9997179220991228,True
6,2825.0,55.0,160,341.82931513820563,385.73752941945,417.317594401025,926.3716457832056,0.719947077635,0.7205636382,128.83149095619063,14.3445551287775,2025.717415333424,129.90028647457186,4.307692077829374,11.03,0.0,0.97388312166625,True
6,2825.0,65.0,67,366.099032942706,417.0375741919,418.77786433365,1067.8952154498777,0.723920359680597,0.725125,121.02361692923284,14.064221429486569,2031.3286836892053,127.68518098331944,8.181396431232836,13.5,0.0,0.9669888665925374,True
6,2825.0,75.0,40,357.197112222115,409.23191964285,413.19859018305,769.18163247702,0.7138547309025001,0.71308255815,126.5217391411175,14.322012837785,2017.4830174427948,120.26993123375,4.3622563430825,9.78559738135,0.0,0.9719539989125,True
6,2825.0,90.0,53,373.6151329923038,394.4338132022,406.5756026786,1057.4604232898644,0.7136963227943397,0.7131628486,130.12900205509058,14.27104226710378,2023.5581908478453,133.85543198583773,9.786573412737736,15.1346153846,0.0,0.9640517586490568,True
6,3075.0,55.0,58,273.15581110774485,235.00937691915,417.670176866325,875.9996799976225,0.7236225909827587,0.7232387441,131.56575729226208,14.31669464257414,2051.4449558575207,132.58813263516035,-6.867090616512069,-8.82142857145,0.0,0.9793783365224136,True
6,3075.0,75.0,30,327.91454244359335,287.51147630875,416.4059237542,731.1969966313198,0.7311600099033332,0.73078404745,146.36187577317,14.329893557209996,2063.496015082884,136.27585716411332,-10.291837268243334,-12.0,0.0,0.9769812612733332,True
6,3325.0,55.0,31,228.41107584309995,255.3681344697,264.85806111975,784.4331516700937,0.7353296094483871,0.7375257009,142.22403843803227,14.226655801370969,2088.843229486313,139.35827574817742,-12.488041215241935,-12.7448979592,0.0,0.9864005632258064,True
