{
  "generated_at": "2025-11-04_0722",
  "units": {
    "speed": "mph",
    "final_drive": 3.08
  },
  "files_present": {
    "yaml": false,
    "pipeline_readme": false,
    "sample_clean": true,
    "sample_shifts": true,
    "sample_mapping": false,
    "friendly_map_csv": false,
    "trans_report": false,
    "tire_files": false,
    "plots_count": 0,
    "ps1_runner": false,
    "tools": [
      "trans_clean_analyze.py",
      "clean_log_NA.py",
      "vdyno_from_transfocus.py",
      "setup_project_folders.py"
    ]
  }
}