ParameterID,Name,Category,Source,Notes
0,Offset,other,User header mapping 2025-11-04,Derived from untrimmed CSV header where PIDs precede names in the same order.
13,Vehicle Speed (SAE),context,User header mapping 2025-11-04,Derived from untrimmed CSV header where PIDs precede names in the same order.
12866,DFCO Active,other,User header mapping 2025-11-04,Derived from untrimmed CSV header where PIDs precede names in the same order.
12951,Fuel System Status,other,User header mapping 2025-11-04,Derived from untrimmed CSV header where PIDs precede names in the same order.
3,Fuel System #1 Status (SAE),other,User header mapping 2025-11-04,Derived from untrimmed CSV header where PIDs precede names in the same order.
10,Fuel Pressure (SAE),other,User header mapping 2025-11-04,Derived from untrimmed CSV header where PIDs precede names in the same order.
6511,Fuel Pressure Requested,other,User header mapping 2025-11-04,Derived from untrimmed CSV header where PIDs precede names in the same order.
6501,Desired Fuel Pressure,other,User header mapping 2025-11-04,Derived from untrimmed CSV header where PIDs precede names in the same order.
35,Fuel Rail Pressure (SAE),other,User header mapping 2025-11-04,Derived from untrimmed CSV header where PIDs precede names in the same order.
6290,Injector Boost Voltage,other,User header mapping 2025-11-04,Derived from untrimmed CSV header where PIDs precede names in the same order.
81,Fuel Type (SAE),other,User header mapping 2025-11-04,Derived from untrimmed CSV header where PIDs precede names in the same order.
6402,Fuel Tank Level,other,User header mapping 2025-11-04,Derived from untrimmed CSV header where PIDs precede names in the same order.
6020,Alcohol Percent,other,User header mapping 2025-11-04,Derived from untrimmed CSV header where PIDs precede names in the same order.
6520,High Pressure Fuel Pump Hold DC,other,User header mapping 2025-11-04,Derived from untrimmed CSV header where PIDs precede names in the same order.
6521,High Pressure Fuel Pump Delivery Duration,other,User header mapping 2025-11-04,Derived from untrimmed CSV header where PIDs precede names in the same order.
12400,Fuel Pressure State,other,User header mapping 2025-11-04,Derived from untrimmed CSV header where PIDs precede names in the same order.
6052,Inst Fuel Used,other,User header mapping 2025-11-04,Derived from untrimmed CSV header where PIDs precede names in the same order.
2610,Knock Learn Factor,spark,User header mapping 2025-11-04,Derived from untrimmed CSV header where PIDs precede names in the same order.
2641,Burst Knock Retard,spark,User header mapping 2025-11-04,Derived from untrimmed CSV header where PIDs precede names in the same order.
12942,Closed Loop Active,other,User header mapping 2025-11-04,Derived from untrimmed CSV header where PIDs precede names in the same order.
2120,Engine Oil Pressure,other,User header mapping 2025-11-04,Derived from untrimmed CSV header where PIDs precede names in the same order.
14,Timing Advance (SAE),spark,User header mapping 2025-11-04,Derived from untrimmed CSV header where PIDs precede names in the same order.
6243,Primary Duration,other,User header mapping 2025-11-04,Derived from untrimmed CSV header where PIDs precede names in the same order.
2517,Torque Mgt Advance,spark,User header mapping 2025-11-04,Derived from untrimmed CSV header where PIDs precede names in the same order.
2510,Base Advance,spark,User header mapping 2025-11-04,Derived from untrimmed CSV header where PIDs precede names in the same order.
2643,Piston Slap Retard,spark,User header mapping 2025-11-04,Derived from untrimmed CSV header where PIDs precede names in the same order.
2511,Coolant Advance,spark,User header mapping 2025-11-04,Derived from untrimmed CSV header where PIDs precede names in the same order.
2518,Cranking Advance,spark,User header mapping 2025-11-04,Derived from untrimmed CSV header where PIDs precede names in the same order.
2519,PE/COT Advance,spark,User header mapping 2025-11-04,Derived from untrimmed CSV header where PIDs precede names in the same order.
2522,Flex Fuel Advance,spark,User header mapping 2025-11-04,Derived from untrimmed CSV header where PIDs precede names in the same order.
2526,Cam Spark Advance,spark,User header mapping 2025-11-04,Derived from untrimmed CSV header where PIDs precede names in the same order.
2630,Knock Retard,spark,User header mapping 2025-11-04,Derived from untrimmed CSV header where PIDs precede names in the same order.
2631,Total Knock Retard,spark,User header mapping 2025-11-04,Derived from untrimmed CSV header where PIDs precede names in the same order.
2513,IAT Advance,spark,User header mapping 2025-11-04,Derived from untrimmed CSV header where PIDs precede names in the same order.
2394,Instantaneous Fuel Flow Estimate,other,User header mapping 2025-11-04,Derived from untrimmed CSV header where PIDs precede names in the same order.
2395,Advance Fuel Flow Estimate,spark,User header mapping 2025-11-04,Derived from untrimmed CSV header where PIDs precede names in the same order.
4216,PCS 5 Cmd Pressure,other,User header mapping 2025-11-04,Derived from untrimmed CSV header where PIDs precede names in the same order.
14200,Trans Shift Mode,context,User header mapping 2025-11-04,Derived from untrimmed CSV header where PIDs precede names in the same order.
14230,Oncoming Clutch,other,User header mapping 2025-11-04,Derived from untrimmed CSV header where PIDs precede names in the same order.
12301,Mass Airflow Sensor State,context,User header mapping 2025-11-04,Derived from untrimmed CSV header where PIDs precede names in the same order.
2100,Control Module Voltage,other,User header mapping 2025-11-04,Derived from untrimmed CSV header where PIDs precede names in the same order.
4215,PCS 4 Cmd Pressure,other,User header mapping 2025-11-04,Derived from untrimmed CSV header where PIDs precede names in the same order.
7100,AC Pressure,other,User header mapping 2025-11-04,Derived from untrimmed CSV header where PIDs precede names in the same order.
7200,Fan,other,User header mapping 2025-11-04,Derived from untrimmed CSV header where PIDs precede names in the same order.
46,Commanded EVAP Purge (SAE),other,User header mapping 2025-11-04,Derived from untrimmed CSV header where PIDs precede names in the same order.
50,EVAP System Vapor Pressure (SAE),other,User header mapping 2025-11-04,Derived from untrimmed CSV header where PIDs precede names in the same order.
7830,Lateral Acceleration,other,User header mapping 2025-11-04,Derived from untrimmed CSV header where PIDs precede names in the same order.
7832,Yaw Rate,other,User header mapping 2025-11-04,Derived from untrimmed CSV header where PIDs precede names in the same order.
17402,Steering Wheel Position,other,User header mapping 2025-11-04,Derived from untrimmed CSV header where PIDs precede names in the same order.
17603,AC Clutch Engaged,other,User header mapping 2025-11-04,Derived from untrimmed CSV header where PIDs precede names in the same order.
4214,PCS 3 Cmd Pressure,other,User header mapping 2025-11-04,Derived from untrimmed CSV header where PIDs precede names in the same order.
4213,PCS 2 Cmd Pressure,other,User header mapping 2025-11-04,Derived from untrimmed CSV header where PIDs precede names in the same order.
4212,PCS 1 Cmd Pressure,other,User header mapping 2025-11-04,Derived from untrimmed CSV header where PIDs precede names in the same order.
2170,Intake Cam Des Angle,other,User header mapping 2025-11-04,Derived from untrimmed CSV header where PIDs precede names in the same order.
2172,Intake Cam Angle,other,User header mapping 2025-11-04,Derived from untrimmed CSV header where PIDs precede names in the same order.
2174,Intake Cam Error,other,User header mapping 2025-11-04,Derived from untrimmed CSV header where PIDs precede names in the same order.
2182,Intake Cam DC,other,User header mapping 2025-11-04,Derived from untrimmed CSV header where PIDs precede names in the same order.
14100,Trans Current Gear,context,User header mapping 2025-11-04,Derived from untrimmed CSV header where PIDs precede names in the same order.
4120,Trans Current Gear,context,User header mapping 2025-11-04,Derived from untrimmed CSV header where PIDs precede names in the same order.
4311,TCC Slip,context,User header mapping 2025-11-04,Derived from untrimmed CSV header where PIDs precede names in the same order.
4313,TCC Desired Slip,context,User header mapping 2025-11-04,Derived from untrimmed CSV header where PIDs precede names in the same order.
4340,TCC Line Pressure,context,User header mapping 2025-11-04,Derived from untrimmed CSV header where PIDs precede names in the same order.
4112,Trans Turbine RPM,context,User header mapping 2025-11-04,Derived from untrimmed CSV header where PIDs precede names in the same order.
4110,Trans Input Shaft RPM,context,User header mapping 2025-11-04,Derived from untrimmed CSV header where PIDs precede names in the same order.
4111,Trans Output Shaft RPM,context,User header mapping 2025-11-04,Derived from untrimmed CSV header where PIDs precede names in the same order.
4117,Trans Slip RPM,context,User header mapping 2025-11-04,Derived from untrimmed CSV header where PIDs precede names in the same order.
4221,Trans Calculated Gear Ratio,context,User header mapping 2025-11-04,Derived from untrimmed CSV header where PIDs precede names in the same order.
4230,Time of Latest Shift,other,User header mapping 2025-11-04,Derived from untrimmed CSV header where PIDs precede names in the same order.
4217,Fill Pressure Cmd,other,User header mapping 2025-11-04,Derived from untrimmed CSV header where PIDs precede names in the same order.
6001,Air-Fuel Ratio Commanded,other,User header mapping 2025-11-04,Derived from untrimmed CSV header where PIDs precede names in the same order.
12865,Power Enrichment,other,User header mapping 2025-11-04,Derived from untrimmed CSV header where PIDs precede names in the same order.
3130,Total Misfires,other,User header mapping 2025-11-04,Derived from untrimmed CSV header where PIDs precede names in the same order.
2741,Maximum Engine Torque,context,User header mapping 2025-11-04,Derived from untrimmed CSV header where PIDs precede names in the same order.
2738,Predicted Engine Torque Cmd,context,User header mapping 2025-11-04,Derived from untrimmed CSV header where PIDs precede names in the same order.
12703,Predicted Engine Torque Source,context,User header mapping 2025-11-04,Derived from untrimmed CSV header where PIDs precede names in the same order.
2734,Predicted Axle Torque Cmd,context,User header mapping 2025-11-04,Derived from untrimmed CSV header where PIDs precede names in the same order.
12705,Predicted Axle Torque Source,context,User header mapping 2025-11-04,Derived from untrimmed CSV header where PIDs precede names in the same order.
2701,Delivered Engine Torque,context,User header mapping 2025-11-04,Derived from untrimmed CSV header where PIDs precede names in the same order.
2739,Immediate Engine Torque Cmd,context,User header mapping 2025-11-04,Derived from untrimmed CSV header where PIDs precede names in the same order.
2740,Peak Engine Torque,context,User header mapping 2025-11-04,Derived from untrimmed CSV header where PIDs precede names in the same order.
2746,Zero Pedal Engine Torque,context,User header mapping 2025-11-04,Derived from untrimmed CSV header where PIDs precede names in the same order.
2735,Immediate Axle Torque Cmd,context,User header mapping 2025-11-04,Derived from untrimmed CSV header where PIDs precede names in the same order.
2764,Predicted Axle Torque Min Limit,context,User header mapping 2025-11-04,Derived from untrimmed CSV header where PIDs precede names in the same order.
2765,Predicted Axle Torque Max Limit,context,User header mapping 2025-11-04,Derived from untrimmed CSV header where PIDs precede names in the same order.
12704,Immediate Engine Torque Source,context,User header mapping 2025-11-04,Derived from untrimmed CSV header where PIDs precede names in the same order.
2700,TCS Desired Engine Torque,context,User header mapping 2025-11-04,Derived from untrimmed CSV header where PIDs precede names in the same order.
2748,TCS Axle Torque Req,context,User header mapping 2025-11-04,Derived from untrimmed CSV header where PIDs precede names in the same order.
2749,TCS Engine Torque Req,context,User header mapping 2025-11-04,Derived from untrimmed CSV header where PIDs precede names in the same order.
4403,Trans Engine Torque,context,User header mapping 2025-11-04,Derived from untrimmed CSV header where PIDs precede names in the same order.
2362,Brake Pressure,other,User header mapping 2025-11-04,Derived from untrimmed CSV header where PIDs precede names in the same order.
2705,Engine Torque,context,User header mapping 2025-11-04,Derived from untrimmed CSV header where PIDs precede names in the same order.
2737,Driver Final Axle Torque Req,context,User header mapping 2025-11-04,Derived from untrimmed CSV header where PIDs precede names in the same order.
2210,Idle Desired RPM,context,User header mapping 2025-11-04,Derived from untrimmed CSV header where PIDs precede names in the same order.
68,Equivalence Ratio Commanded (SAE),other,User header mapping 2025-11-04,Derived from untrimmed CSV header where PIDs precede names in the same order.
12,Engine RPM (SAE),context,User header mapping 2025-11-04,Derived from untrimmed CSV header where PIDs precede names in the same order.
4,Calculated Engine Load (SAE),context,User header mapping 2025-11-04,Derived from untrimmed CSV header where PIDs precede names in the same order.
67,Absolute Load (SAE),context,User header mapping 2025-11-04,Derived from untrimmed CSV header where PIDs precede names in the same order.
2113,Throttle Desired Position,other,User header mapping 2025-11-04,Derived from untrimmed CSV header where PIDs precede names in the same order.
2736,Actual Axle Torque,context,User header mapping 2025-11-04,Derived from untrimmed CSV header where PIDs precede names in the same order.
2187,Throttle Duty Cycle,other,User header mapping 2025-11-04,Derived from untrimmed CSV header where PIDs precede names in the same order.
12133,Throttle Control Source,other,User header mapping 2025-11-04,Derived from untrimmed CSV header where PIDs precede names in the same order.
12302,Air Calc Mode,other,User header mapping 2025-11-04,Derived from untrimmed CSV header where PIDs precede names in the same order.
2111,Throttle Position,other,User header mapping 2025-11-04,Derived from untrimmed CSV header where PIDs precede names in the same order.
6310,Fuel Trim Cell,other,User header mapping 2025-11-04,Derived from untrimmed CSV header where PIDs precede names in the same order.
2114,Accelerator Pedal Position,other,User header mapping 2025-11-04,Derived from untrimmed CSV header where PIDs precede names in the same order.
2747,Driver Pedal Axle Torque Req,context,User header mapping 2025-11-04,Derived from untrimmed CSV header where PIDs precede names in the same order.
2188,Throttle Learn Corr,other,User header mapping 2025-11-04,Derived from untrimmed CSV header where PIDs precede names in the same order.
4502,Traction Control Desired Torque,context,User header mapping 2025-11-04,Derived from untrimmed CSV header where PIDs precede names in the same order.
4501,Traction Control Torque,context,User header mapping 2025-11-04,Derived from untrimmed CSV header where PIDs precede names in the same order.
17351,TCS Request,other,User header mapping 2025-11-04,Derived from untrimmed CSV header where PIDs precede names in the same order.
17350,Traction Control System,other,User header mapping 2025-11-04,Derived from untrimmed CSV header where PIDs precede names in the same order.
4100,Trans Fluid Temp,context,User header mapping 2025-11-04,Derived from untrimmed CSV header where PIDs precede names in the same order.
2125,Ambient Air Temp,context,User header mapping 2025-11-04,Derived from untrimmed CSV header where PIDs precede names in the same order.
2137,Relative Humidity,other,User header mapping 2025-11-04,Derived from untrimmed CSV header where PIDs precede names in the same order.
6200,Injector Pulse Width Avg. Bank 1,other,User header mapping 2025-11-04,Derived from untrimmed CSV header where PIDs precede names in the same order.
6201,Injector Pulse Width Avg. Bank 2,other,User header mapping 2025-11-04,Derived from untrimmed CSV header where PIDs precede names in the same order.
6,Short Term Fuel Trim Bank 1 (SAE),other,User header mapping 2025-11-04,Derived from untrimmed CSV header where PIDs precede names in the same order.
8,Short Term Fuel Trim Bank 2 (SAE),other,User header mapping 2025-11-04,Derived from untrimmed CSV header where PIDs precede names in the same order.
7,Long Term Fuel Trim Bank 1 (SAE),other,User header mapping 2025-11-04,Derived from untrimmed CSV header where PIDs precede names in the same order.
9,Long Term Fuel Trim Bank 2 (SAE),other,User header mapping 2025-11-04,Derived from untrimmed CSV header where PIDs precede names in the same order.
6242,Primary SOI,other,User header mapping 2025-11-04,Derived from untrimmed CSV header where PIDs precede names in the same order.
6244,Primary EOI,other,User header mapping 2025-11-04,Derived from untrimmed CSV header where PIDs precede names in the same order.
6100,O2 Voltage B1S1,context,User header mapping 2025-11-04,Derived from untrimmed CSV header where PIDs precede names in the same order.
6102,O2 Voltage B2S1,context,User header mapping 2025-11-04,Derived from untrimmed CSV header where PIDs precede names in the same order.
2146,Intake Valve Temp,other,User header mapping 2025-11-04,Derived from untrimmed CSV header where PIDs precede names in the same order.
2126,Manifold Air Temp,context,User header mapping 2025-11-04,Derived from untrimmed CSV header where PIDs precede names in the same order.
6215,Injector Tip Temp,other,User header mapping 2025-11-04,Derived from untrimmed CSV header where PIDs precede names in the same order.
5,Engine Coolant Temp (SAE),context,User header mapping 2025-11-04,Derived from untrimmed CSV header where PIDs precede names in the same order.
6210,Injector Flow Rate,other,User header mapping 2025-11-04,Derived from untrimmed CSV header where PIDs precede names in the same order.
2321,Cylinder Airmass,context,User header mapping 2025-11-04,Derived from untrimmed CSV header where PIDs precede names in the same order.
2320,Dynamic Airflow,context,User header mapping 2025-11-04,Derived from untrimmed CSV header where PIDs precede names in the same order.
16,Mass Airflow (SAE),context,User header mapping 2025-11-04,Derived from untrimmed CSV header where PIDs precede names in the same order.
15,Intake Air Temp (SAE),context,User header mapping 2025-11-04,Derived from untrimmed CSV header where PIDs precede names in the same order.
2301,Mass Airflow Sensor,context,User header mapping 2025-11-04,Derived from untrimmed CSV header where PIDs precede names in the same order.
2311,Volumetric Efficiency Airflow,context,User header mapping 2025-11-04,Derived from untrimmed CSV header where PIDs precede names in the same order.
2340,Barometric Pressure,context,User header mapping 2025-11-04,Derived from untrimmed CSV header where PIDs precede names in the same order.
2312,Volumetric Efficiency (mg•K/kPa),other,User header mapping 2025-11-04,Derived from untrimmed CSV header where PIDs precede names in the same order.
2335,Manifold Absolute Pressure - Hi-Res,other,User header mapping 2025-11-04,Derived from untrimmed CSV header where PIDs precede names in the same order.
11,Intake Manifold Absolute Pressure (SAE),other,User header mapping 2025-11-04,Derived from untrimmed CSV header where PIDs precede names in the same order.
2121,Engine Oil Temp Calc,other,User header mapping 2025-11-04,Derived from untrimmed CSV header where PIDs precede names in the same order.
2330,Manifold Vacuum,other,User header mapping 2025-11-04,Derived from untrimmed CSV header where PIDs precede names in the same order.
2347,Brake Booster Vacuum,other,User header mapping 2025-11-04,Derived from untrimmed CSV header where PIDs precede names in the same order.
37,WB EQ Ratio 2 (SAE),context,User header mapping 2025-11-04,Derived from untrimmed CSV header where PIDs precede names in the same order.
6101,O2 Voltage B1S2,context,User header mapping 2025-11-04,Derived from untrimmed CSV header where PIDs precede names in the same order.
6103,O2 Voltage B2S2,context,User header mapping 2025-11-04,Derived from untrimmed CSV header where PIDs precede names in the same order.
