gear,speed_bin_mph,tcc_state,total_time_s,distance_miles,fuel_gal,mpg
1.0,0,OPEN,765.1899999999985,0.0044002808687882665,0.12786752949439484,0.034412808992146486
1.0,1,OPEN,47.8040000000006,0.020590709299318156,0.012036060384433302,1.710751578311198
1.0,2,OPEN,27.471000000000487,0.01898491190868838,0.0077821465254412315,2.439546961320158
1.0,3,OPEN,51.425000000002086,0.04946662321693608,0.014018166748349251,3.528751234376718
1.0,4,OPEN,40.36799999999724,0.051916994391762845,0.013096579438889372,3.964164431943121
1.0,5,OPEN,28.184000000003834,0.04362486223703711,0.009647504231269633,4.521880601579792
1.0,6,OPEN,36.84399999999869,0.0667370341895781,0.014164481213176408,4.711576314386753
1.0,7,OPEN,27.066000000001736,0.056124711432080164,0.010050168701904685,5.5844546590987605
1.0,8,OPEN,39.853999999997825,0.09300053981707085,0.016736645561107877,5.55670128028419
1.0,9,OPEN,34.780000000001024,0.09273399699172018,0.016826724851337974,5.511113886452268
1.0,10,OPEN,20.779999999998296,0.060820026753070175,0.011506726289063383,5.285606455319688
1.0,11,OPEN,23.722000000000463,0.07571963911122556,0.017868737498048258,4.237548350547774
1.0,12,OPEN,13.723999999996778,0.04741360589834217,0.011651133718227536,4.069441399008775
1.0,13,OPEN,19.53300000000334,0.07257366816899638,0.018683791454658764,3.884311615504587
1.0,14,OPEN,19.30999999999875,0.07823560263475378,0.020725141285193597,3.7749128731222044
1.0,15,OPEN,10.30800000000113,0.04444163531119946,0.01211577611109011,3.6680799400477575
1.0,16,OPEN,8.040999999998462,0.036610693632788925,0.011426851851337103,3.203917763973194
1.0,17,OPEN,2.164000000000044,0.010438927998432684,0.0038391754052933087,2.719054717854227
1.0,18,OPEN,1.1200000000008004,0.005728698400757858,0.0028256427967763044,2.027396529842189
1.0,19,OPEN,0.6449999999999818,0.0035036980526578195,0.0018723504798915074,1.8712832294415518
1.0,20,OPEN,0.34400000000005093,0.0019591337150103244,0.001298616091413484,1.5086319413136928
1.0,21,OPEN,0.5479999999997744,0.00326778951582479,0.002037168804071968,1.6040838193148315
1.0,22,OPEN,0.46299999999973807,0.0028936131651291215,0.0017815590218188914,1.6242028075920119
1.0,23,OPEN,0.397000000000844,0.002598002055583644,0.0016197855720972616,1.6039172717286336
1.0,24,OPEN,0.31199999999989814,0.0021271962213320166,0.0014264182718580825,1.4912850342004424
1.0,25,OPEN,0.387000000000171,0.0027402057783135554,0.001857749353374326,1.4750137166439479
1.0,26,OPEN,0.294999999999618,0.002174663383920446,0.0013993076802619245,1.5540995126342687
1.0,27,OPEN,0.44699999999966167,0.003424273062161307,0.002118971092650117,1.6160074453298456
1.0,28,OPEN,0.3380000000001928,0.0026791418623058143,0.0016078726731018128,1.6662649394602698
1.0,29,OPEN,0.3619999999996253,0.002961800329185754,0.0017820305082780043,1.6620368256477125
1.0,30,OPEN,0.18000000000074579,0.0015261878283947168,0.0008824916299980762,1.7294077093944153
1.0,31,OPEN,0.28799999999955617,0.0025217297886527133,0.0015918556221450688,1.584144788994503
1.0,32,OPEN,0.14100000000053114,0.0012797222724957552,0.0007834492715218836,1.6334462472724496
1.0,33,OPEN,0.08099999999967622,0.0007549534970996234,0.0004500809759350043,1.6773726006331924
1.0,34,OPEN,0.12800000000015643,0.0012318413136148086,0.0007068708438895488,1.742668161041437
1.0,35,OPEN,0.17099999999982174,0.0016864216843740204,0.0007109689063751737,2.3720048362904165
1.0,36,OPEN,1.4109999999996035,0.01416781438294312,0.006479639624409209,2.1865127081407545
1.0,37,OPEN,0.4800000000000182,0.005003670555831931,0.0025651421419999004,1.9506406580380937
1.0,38,OPEN,0.15700000000060754,0.001680616546666702,0.0009738081816042519,1.7258188813920763
1.0,39,OPEN,0.26199999999971624,0.0028744781219228167,0.0017361732172250044,1.6556401708103818
1.0,40,OPEN,0.10500000000001819,0.0011835343050575606,0.000655354459152801,1.8059452995674365
1.0,41,OPEN,0.23200000000042564,0.002674539356517428,0.0014415563723931526,1.8553137482076951
1.0,42,OPEN,0.10300000000006548,0.0012116553704429305,0.0006612675390360119,1.8323224699782898
1.0,43,OPEN,0.08799999999973807,0.0010636820872328783,0.0006050429039544632,1.758027538676717
1.0,44,OPEN,0.021000000000185537,0.00025710733975668336,0.00014460033045550404,1.7780549943888242
2.0,2,OPEN,0.05199999999967986,3.8590603099610246e-05,7.631637068077303e-06,5.056661205894147
2.0,3,OPEN,0.2780000000002474,0.00026239901337323326,3.763938078228543e-05,6.971395594709903
2.0,4,OPEN,0.7099999999995816,0.0009617829949763517,0.00010364153392675857,9.279899269495807
2.0,5,OPEN,1.1030000000002929,0.0017106620688671337,0.00014437606007507123,11.848654603662412
2.0,6,OPEN,2.8530000000007476,0.005170951614523174,0.0003441213215840636,15.026536544495947
2.0,7,OPEN,1.5709999999992306,0.0032708594958370256,0.00018937414888230077,17.27194295072407
2.0,8,OPEN,4.193000000000438,0.00978502055826171,0.0005157388458834044,18.972820520240308
2.0,9,OPEN,5.53899999999976,0.01481300389897463,0.000724163566579891,20.45532885468691
2.0,10,OPEN,4.669999999999845,0.013738354728925926,0.0006961128570573983,19.735815234042033
2.0,11,OPEN,17.3130000000003,0.05565154059526417,0.003273911475011831,16.998486678709924
2.0,12,OPEN,10.734999999999445,0.037068771445973384,0.0026162627886113284,14.168596368581502
2.0,13,OPEN,18.668000000001797,0.06963785541634684,0.006154559105984628,11.314840627435316
2.0,14,OPEN,24.917999999998415,0.10148072289889373,0.009834046633637803,10.31932496148374
2.0,15,OPEN,17.266000000000275,0.07449527817111794,0.008020312898441273,9.288325669388273
2.0,16,OPEN,29.276999999999276,0.1340476871981508,0.020281673871328555,6.6093009900750355
2.0,17,OPEN,23.60700000000014,0.11423807147584435,0.016281854115818922,7.016281478953576
2.0,18,OPEN,39.437000000000836,0.200781790946899,0.030903567513600336,6.4970424808895295
2.0,19,OPEN,33.391000000001355,0.1812573241332446,0.02920694594399491,6.205966364330262
2.0,20,OPEN,15.201000000001216,0.08660961097606522,0.015564376277671129,5.5646053160714555
2.0,21,OPEN,26.07999999999828,0.1553080022727084,0.027486494333361193,5.650338685941713
2.0,22,OPEN,18.8229999999989,0.11810944529282329,0.023373630479879795,5.0531065507556825
2.0,23,OPEN,5.0499999999999545,0.033025348318445884,0.007928225294624499,4.165541100457596
2.0,24,OPEN,3.918000000001257,0.026625009357926943,0.007299031341890474,3.6477455857904255
2.0,25,OPEN,2.5829999999998563,0.01827100274725688,0.0053584939835986615,3.4097272112614045
2.0,26,OPEN,4.65900000000056,0.03416241666268417,0.009344519557331416,3.655877271494543
2.0,27,OPEN,2.484999999999445,0.019039717599789972,0.006028782300992469,3.1581365272810764
2.0,28,OPEN,1.4939999999996871,0.011848747084696824,0.004256385333224304,2.7837580851076615
2.0,29,OPEN,1.971000000000231,0.016148398408990655,0.005549225134111128,2.9100276198430532
2.0,30,OPEN,1.2529999999994743,0.010604916652022425,0.0036663590443305684,2.8924926674656195
2.0,31,OPEN,2.548999999999751,0.022280705297658906,0.007495808774509091,2.9724217850151993
2.0,32,OPEN,3.100999999999658,0.028046283696641115,0.008493966588959864,3.3019065242256325
2.0,33,OPEN,1.3489999999999327,0.012558175834636146,0.004573871457100539,2.745633748657424
2.0,34,OPEN,2.0349999999998545,0.019484261775656844,0.007310875261993827,2.6651065812799932
2.0,35,OPEN,1.1749999999994998,0.01156836391807834,0.004273387294805904,2.7070712575336033
2.0,36,OPEN,1.5000000000004547,0.015176617512224027,0.005708663244640076,2.6585238718492485
2.0,37,OPEN,1.0889999999999418,0.011360775714643192,0.004531429773582248,2.507106207598163
2.0,38,OPEN,0.7880000000004657,0.008425551714184175,0.0035235297158636783,2.391224821022668
2.0,39,OPEN,1.447999999999638,0.015896801957553275,0.00647891065303174,2.4536226549311233
2.0,40,OPEN,0.7219999999997526,0.008116045046881496,0.003257156737392218,2.491757597572494
2.0,41,OPEN,1.293999999999869,0.014881384724497862,0.006160883251675092,2.4154628673497003
2.0,42,OPEN,1.1099999999996726,0.013129552326101435,0.00533964755116396,2.458879954209599
2.0,43,OPEN,1.1590000000003329,0.014000729679499653,0.0051429647252651004,2.722307156943988
2.0,44,OPEN,1.8709999999996398,0.02310113632152426,0.007139277665691021,3.2357806214122458
2.0,45,OPEN,0.9789999999998145,0.012377408413649668,0.004715980327494269,2.6245674396665954
2.0,46,OPEN,0.8890000000005784,0.011491183930878309,0.004494299076142339,2.556835612449208
2.0,47,OPEN,1.1309999999998581,0.01493584730088183,0.006180434039016441,2.4166340432716167
2.0,48,OPEN,0.6480000000001382,0.008716861299912957,0.0036194156942036897,2.4083614694693862
2.0,49,OPEN,0.7910000000001673,0.010857164641738914,0.0046068915283543855,2.356722439613674
2.0,50,OPEN,0.7300000000000182,0.01026605234468073,0.004507481499370499,2.2775583984347922
2.0,51,OPEN,0.42200000000002547,0.006040545335520177,0.0027171268356113156,2.2231370491621303
2.0,52,OPEN,0.9659999999998945,0.01407680399778205,0.006090449634310098,2.3112914223083654
2.0,53,OPEN,0.6720000000000255,0.00997896705749126,0.004235201107114885,2.356196743698237
2.0,54,OPEN,1.0289999999999964,0.01556280855338933,0.006524957177688015,2.3851204122237157
2.0,55,OPEN,1.0200000000008913,0.01575569249135657,0.006386335706970753,2.4670943110865697
2.0,56,OPEN,1.1009999999992033,0.01729474379325223,0.006310395158273839,2.740675244493417
2.0,57,OPEN,1.2090000000002874,0.019307571083578504,0.005688648879924538,3.3940521714594953
2.0,58,OPEN,0.5299999999997453,0.008598448827364163,0.0030748859440340335,2.7963472414471426
2.0,59,OPEN,0.6400000000003274,0.010566201968064732,0.004333072644321827,2.4385009981106505
2.0,60,OPEN,0.6799999999993815,0.011433149131173881,0.004603000145804862,2.483847223336276
2.0,61,OPEN,0.580000000000382,0.00991009389308555,0.004025793461573961,2.4616498555320843
2.0,62,OPEN,0.918999999999869,0.015948441052220895,0.006444823617635383,2.474612494992129
2.0,63,OPEN,0.6990000000005239,0.012316644907873988,0.00480893081256003,2.5612023520291056
2.0,64,OPEN,1.1309999999998581,0.02021651017474032,0.007190439113284158,2.811582137924069
2.0,65,OPEN,0.8290000000001783,0.015082328099964381,0.005248565201288854,2.873609743146702
2.0,66,OPEN,0.4519999999997708,0.008340845769153641,0.0026134731366928596,3.1914794347985196
2.0,67,OPEN,1.4039999999999964,0.026340263555677205,0.004650252169521304,5.664265634521207
2.0,68,OPEN,0.5160000000000764,0.009825974264307265,0.0032253720582429966,3.0464622644681523
2.0,69,OPEN,0.19900000000006912,0.0038381168388408747,0.0010287405619790143,3.730888992514684
2.0,70,OPEN,0.1289999999999054,0.0025152917567443206,0.00015973603432536005,15.746551912144142
3.0,11,OPEN,0.2739999999992051,0.000899965819508858,3.057718124913146e-05,29.432595901377315
3.0,12,OPEN,2.5460000000010723,0.008845486584771222,0.0002936661356805627,30.120894138073037
3.0,13,OPEN,8.353000000000549,0.03124368087855562,0.001005615821687798,31.069201781369237
3.0,14,OPEN,13.955999999998909,0.05650175783282112,0.0017353632566762148,32.559037778084786
3.0,15,OPEN,11.856999999999744,0.051161680095182405,0.0015581280224268642,32.83535072778902
3.0,16,OPEN,23.139999999998935,0.10601843458040508,0.0034200378069440935,30.99919958929803
3.0,17,OPEN,15.310999999998444,0.0741076571580623,0.002574148704936592,28.78919038979443
3.0,18,OPEN,26.001000000001426,0.1327096969229076,0.004754849776872976,27.910386899790566
3.0,19,OPEN,30.335000000002765,0.16529062368131398,0.006586682695493715,25.094669247449513
3.0,20,OPEN,20.61399999999753,0.1173664855713557,0.004500772527916294,26.07696453072967
3.0,21,OPEN,24.803999999999803,0.14750717719234527,0.0070529634929111995,20.914212492465325
3.0,22,OPEN,33.98599999999999,0.21402651329255815,0.017988266044120366,11.89811807139214
3.0,23,OPEN,19.03200000000163,0.12476168542040048,0.014524428122733668,8.589782975697556
3.0,24,OPEN,43.97199999999782,0.2999799547035674,0.03528680944726977,8.501192354946038
3.0,25,OPEN,26.84500000000054,0.1900367643764219,0.021080666849665364,9.014741598624456
3.0,26,LOCKED,0.03900000000021464,0.00029056146967066423,9.461762342013579e-06,30.70902218506042
3.0,26,OPEN,71.96599999999978,0.5274612041489823,0.04897541659769498,10.769917660563754
3.0,26,PARTIAL,0.01999999999998181,0.00014884141428854505,4.402867539298469e-06,33.80556261573581
3.0,27,LOCKED,0.2319999999999709,0.001774563445583013,5.387233004694857e-05,32.9401650909942
3.0,27,OPEN,52.80100000000118,0.404491567698611,0.042007021408617604,9.629141846644496
3.0,27,PARTIAL,0.2209999999995489,0.0016843444774027809,5.230212392983561e-05,32.204131512180346
3.0,28,LOCKED,0.0929999999998472,0.0007376265779135256,2.047333405772287e-05,36.02864955135537
3.0,28,OPEN,18.74099999999993,0.14872360496089715,0.01822829125338271,8.158943857850515
3.0,28,PARTIAL,0.028000000000247383,0.00022193883093295173,6.164014555077923e-06,36.00556568285814
3.0,29,LOCKED,0.1790000000000873,0.0014661756706592368,4.309617394741036e-05,34.02101709651511
3.0,29,OPEN,21.03300000000104,0.17231908170123958,0.025030701381720755,6.884308956163712
3.0,30,LOCKED,0.18800000000010186,0.0015911851816394658,4.498264595818803e-05,35.37331225732016
3.0,30,OPEN,10.393999999998528,0.08792763152477194,0.013685175414378158,6.4250277298157155
3.0,31,LOCKED,0.899000000000342,0.007850230768873265,0.0002987221027261777,26.27937704385117
3.0,31,OPEN,14.173000000000798,0.12355941071271162,0.019948398299168897,6.193951457138263
3.0,31,PARTIAL,0.29799999999977445,0.0025888157444700394,0.00022969142952046682,11.270841710876118
3.0,32,LOCKED,0.12299999999959255,0.0011015158132234807,3.816112058550341e-05,28.86487074601061
3.0,32,OPEN,12.64799999999957,0.11448952091076425,0.018027334299634455,6.350884662580745
3.0,32,PARTIAL,2.2390000000000327,0.020401332579918226,0.001445674833046676,14.111978789119265
3.0,33,OPEN,6.308000000000902,0.05877462297718355,0.0101383795083015,5.797240370520531
3.0,33,PARTIAL,0.27899999999999636,0.002600024192051049,0.0004207732449960527,6.179157593718774
3.0,34,OPEN,9.146000000000413,0.08750462059464763,0.015113947358740288,5.789660273233936
3.0,34,PARTIAL,0.6309999999999718,0.006058658826790394,0.0009547496532640085,6.3458088788800495
3.0,35,OPEN,3.8539999999990187,0.03793796812155953,0.0078096713126499726,4.857818799634788
3.0,35,PARTIAL,0.38200000000006185,0.0037566795914017992,0.0005037701135510774,7.4571307236170705
3.0,36,OPEN,5.822000000000344,0.05886217312010985,0.012847333105464348,4.581664742161472
3.0,36,PARTIAL,0.11699999999973443,0.0011935712107927017,3.7240921269835554e-05,32.049991517247236
3.0,37,LOCKED,1.6529999999997926,0.017265295250561082,0.0006949261376350118,24.844791864238584
3.0,37,OPEN,5.1520000000011805,0.05382738920689811,0.011241710851370405,4.788184816222734
3.0,37,PARTIAL,0.8290000000001783,0.00866054966699066,0.00043213195260154115,20.041447097008245
3.0,38,LOCKED,0.07099999999991269,0.0007555459450137308,2.8424394849305735e-05,26.580898169312654
3.0,38,OPEN,3.013999999999669,0.032209336680692376,0.005506038449295728,5.8498205156580845
3.0,38,PARTIAL,0.03999999999996362,0.0004254222094661116,1.4945289258369009e-05,28.4653044923761
3.0,39,LOCKED,0.02999999999974534,0.00032659725893598147,1.044170252691747e-05,31.278161592331568
3.0,39,OPEN,3.116999999999507,0.034174644205152524,0.006690508791882249,5.107929048179029
3.0,40,OPEN,2.2660000000007585,0.02543689712381793,0.004228894647612096,6.015022658032218
3.0,41,OPEN,2.4779999999982465,0.028466074877883905,0.006069905123955777,4.6897067246633455
3.0,42,LOCKED,0.37900000000036016,0.004498364683473778,6.819836650752385e-05,65.96000628515795
3.0,42,OPEN,2.3900000000014643,0.028268098559888773,0.005907256295919115,4.785317775938908
3.0,43,LOCKED,0.38999999999987267,0.004711741014671091,0.00010291328479620826,45.78360338999393
3.0,43,OPEN,1.624000000000251,0.019625615489907357,0.00365567127917611,5.368539453123488
3.0,43,PARTIAL,0.07099999999991269,0.0008598619421363949,2.6050299607507603e-05,33.007756344137626
3.0,44,LOCKED,0.5509999999999309,0.006752120901921264,0.00019778411802654538,34.138842740725195
3.0,44,OPEN,2.6200000000001182,0.03235864754604868,0.0071701502560499834,4.512966449865582
3.0,44,PARTIAL,0.028999999999996362,0.00035538980133831646,1.0640263219979645e-05,33.40047083337064
3.0,45,LOCKED,1.1990000000000691,0.01526269129827598,0.0004097055957902652,37.252826066083784
3.0,45,OPEN,3.7659999999993943,0.04779014826447358,0.00955326198312216,5.0024953098643055
3.0,45,PARTIAL,0.14799999999991087,0.0018824088424023936,6.775866380731106e-05,27.781079741411375
3.0,46,LOCKED,0.049999999999954525,0.0006425426895812796,2.02326439655897e-05,31.75772235571744
3.0,46,OPEN,1.0369999999995798,0.01340754710718175,0.003559409990585321,3.766789198952877
3.0,46,PARTIAL,0.032000000000152795,0.0004115065241230613,1.3605594507767723e-05,30.245390885942065
3.0,47,OPEN,1.8380000000001928,0.024265322496337543,0.005345211598589284,4.539637402332525
3.0,48,LOCKED,0.5380000000004657,0.007263085108926881,0.0002588309999334567,28.06110980058092
3.0,48,OPEN,1.4700000000002547,0.01979367427028477,0.0035395738425835575,5.592106606776493
3.0,48,PARTIAL,0.6199999999998909,0.008352260363621519,0.0008178093155610953,10.21296799228934
3.0,49,LOCKED,0.08199999999987995,0.0011181229398065295,3.4009216495996314e-05,32.877056721908275
3.0,49,OPEN,0.9499999999998181,0.013038603927530725,0.0031035290118437064,4.201218637806421
3.0,49,PARTIAL,0.07099999999991269,0.0009681308381253928,0.00019875352762350709,4.871012100772844
3.0,50,OPEN,1.0320000000003802,0.014522663492256453,0.0038080662081315035,3.8136583500690393
3.0,51,OPEN,1.0659999999995762,0.015261317637312552,0.004272209778802871,3.5722303977284966
3.0,52,OPEN,0.91800000000012,0.013392354234825331,0.0034938145647776457,3.8331611442227906
3.0,53,OPEN,0.5740000000002965,0.008523697673793473,0.0021992689677171984,3.8756958784540654
3.0,54,OPEN,1.0499999999994998,0.01585697090515325,0.004025257249297246,3.9393683243280058
3.0,55,LOCKED,0.6269999999999527,0.009719029557861948,0.0002128049892203645,45.67106059622346
3.0,55,OPEN,1.2689999999995507,0.01963839664141964,0.0034470413033289567,5.697174740103634
3.0,55,PARTIAL,0.07199999999966167,0.0011060407221768027,1.272563500510864e-05,86.9143835834352
3.0,56,LOCKED,0.7510000000002037,0.011789444781368952,0.0003087234601861924,38.18771911359988
3.0,56,OPEN,0.47400000000016007,0.007435973598744255,0.0011927076366992026,6.234531724239798
3.0,56,PARTIAL,0.03099999999994907,0.0004864231775311173,1.3293964335481609e-05,36.5897760258656
3.0,57,LOCKED,0.021000000000185537,0.0003329065203685756,8.475520013232144e-06,39.27859527779246
3.0,57,OPEN,1.3630000000002838,0.021742332988219294,0.0036736927936755143,5.918386269437129
3.0,57,PARTIAL,0.009000000000014552,0.00014291537421473108,3.632365719930414e-06,39.344984848460946
3.0,58,OPEN,0.1979999999998654,0.0032129967044292255,0.0009028309816860424,3.558802001265989
3.0,59,OPEN,0.751999999999498,0.012406752073190749,0.0033731061366292273,3.67813865637472
3.0,60,OPEN,0.637000000000171,0.010681676104524997,0.0032176448235035114,3.3197188286600023
3.0,61,OPEN,0.22100000000000364,0.0037766118704307353,0.0010637669867911833,3.550224736549454
3.0,62,OPEN,0.27899999999999636,0.0048401636418671295,0.001370419178424861,3.5318855121615713
3.0,63,OPEN,0.18100000000004002,0.0031880739868652744,0.0008831374443910439,3.609940906835368
3.0,64,OPEN,0.30999999999994543,0.005545316617422995,0.0015569726895632273,3.5616017253190266
3.0,65,LOCKED,0.15100000000029468,0.002762892485668507,3.2215378908357424e-05,85.76315347797285
3.0,65,OPEN,0.5709999999999127,0.010419198345548657,0.0029501114900284332,3.531798164498602
3.0,66,LOCKED,0.8210000000003674,0.015158729081540295,0.0003548050208874793,42.72411095993944
3.0,66,OPEN,0.5479999999997744,0.01012565171332159,0.0024416272190618746,4.147091592963189
3.0,67,LOCKED,0.8589999999994689,0.016064483322070604,0.0004908520329463423,32.727751427743804
3.0,67,OPEN,1.0729999999994106,0.020095536127836558,0.0052511548690538454,3.826879349200641
3.0,67,PARTIAL,0.2889999999997599,0.005437170535183567,0.00014749535697876972,36.86333350795704
3.0,68,LOCKED,0.38900000000057844,0.0073899030831075805,0.00037602358731620236,19.652764699820093
3.0,68,OPEN,1.1669999999999163,0.022257048792164356,0.004572704382507678,4.867371019501277
3.0,68,PARTIAL,0.33199999999987995,0.006303465539026943,0.0014676245900190473,4.2950122135423845
3.0,69,OPEN,0.7230000000004111,0.013965855964421181,0.002013598348388812,6.935770470608507
3.0,70,OPEN,0.2070000000003347,0.0040600126624016405,0.0010503106558037995,3.86553505857229
3.0,71,OPEN,0.25999999999976353,0.005155081471353173,0.0013588060735195428,3.793831637799955
3.0,72,OPEN,0.2919999999999163,0.005874670236691308,0.0016140872264095263,3.6396237703703793
3.0,73,OPEN,0.32700000000022555,0.006691391180484924,0.0019384549861239694,3.4519198167529654
3.0,74,OPEN,0.23099999999976717,0.004786649370932396,0.0008897973206696795,5.379482787529487
3.0,75,OPEN,0.7690000000002328,0.016128273340487595,0.0027095515950921146,5.9523772751554835
3.0,76,OPEN,0.03099999999994907,0.0006568012996400604,1.7061111714769052e-05,38.4969813585768
4.0,20,OPEN,0.28400000000067394,0.0016315062960107506,4.3491122676521916e-05,37.513547492106866
4.0,21,OPEN,4.210000000000775,0.02522694746752907,0.0006033795089870844,41.809420260025874
4.0,22,OPEN,16.463999999998975,0.10377693510224677,0.0024303183155399396,42.70096408304886
4.0,23,OPEN,12.177000000001385,0.07979680906897035,0.0018280595825302243,43.65109859194156
4.0,24,OPEN,32.23599999999823,0.21976248036824922,0.005878938293982583,37.38132114657305
4.0,25,OPEN,20.900000000002365,0.14803055335176096,0.004280950645312095,34.57889744976704
4.0,26,LOCKED,0.10900000000037835,0.000794308719718914,1.657239341799512e-05,47.929632110737515
4.0,26,OPEN,54.83600000000018,0.40229851583438814,0.015415747593422053,26.096594628083437
4.0,26,PARTIAL,0.04899999999997817,0.0003636747505675602,1.0493500968669694e-05,34.65714175406083
4.0,27,OPEN,81.05299999999812,0.6211390536687786,0.024430028352638928,25.425228522163515
4.0,28,OPEN,32.3359999999991,0.2566224047967368,0.009704337251227352,26.444093826632066
4.0,29,OPEN,79.58900000000062,0.6528778448493786,0.02962874938055466,22.03528189677362
4.0,30,OPEN,39.37000000000148,0.3330340892342537,0.015894844328117698,20.952334125419668
4.0,31,OPEN,115.44600000000196,1.005933515197072,0.05556834825866587,18.102634804161145
4.0,32,LOCKED,0.2999999999999545,0.002744389432382917,6.97627023489836e-05,39.338920941655594
4.0,32,OPEN,81.75799999999691,0.7407289131373355,0.04139687473948241,17.893353491027252
4.0,32,PARTIAL,0.14899999999988722,0.0013630467514160237,4.567094498515273e-05,29.84494303455161
4.0,33,OPEN,60.85800000000086,0.567248692510926,0.03036430152339741,18.681433922457558
4.0,34,OPEN,128.53699999999833,1.2293743343512722,0.06724163257418754,18.28293405867126
4.0,35,OPEN,40.957999999998265,0.4030182902706543,0.027818222456378407,14.487564433803234
4.0,35,PARTIAL,0.18799999999998818,0.0018520102240095271,0.00023946481080289533,7.733955639661503
4.0,36,OPEN,62.79600000000039,0.6348758682473048,0.04638182808724251,13.68803030042556
4.0,36,PARTIAL,1.1619999999999209,0.011762302977710509,0.00124956514208592,9.413117076934059
4.0,37,LOCKED,1.2790000000006785,0.01334360229776975,0.00037180176409367006,35.88902363144254
4.0,37,OPEN,25.097000000000435,0.2614633327459032,0.023086252967878616,11.325498906630449
4.0,37,PARTIAL,15.52000000000055,0.1618983538796097,0.010126973267595768,15.986845190719636
4.0,38,LOCKED,0.2559999999989486,0.0027341280773923683,7.820886991156583e-05,34.9593093530691
4.0,38,OPEN,10.935999999998558,0.11701028347430797,0.010527346319382541,11.114888778653855
4.0,38,PARTIAL,1.9930000000008476,0.021321566352090867,0.0014544520348005218,14.659518390384816
4.0,39,OPEN,13.78700000000049,0.15094177578369336,0.016433996037381764,9.184727527033111
4.0,39,PARTIAL,1.0000000000006821,0.010989761809973263,0.0010516935444047752,10.449585688189343
4.0,40,LOCKED,0.19099999999980355,0.0021492382092036686,5.606318000039384e-05,38.33600250982143
4.0,40,OPEN,5.695000000000164,0.06392815904226816,0.007403084722691085,8.635340731185057
4.0,40,PARTIAL,2.2859999999996035,0.025671660742873602,0.0023592219675514104,10.881409674867392
4.0,41,LOCKED,0.3579999999997199,0.004086511986311498,0.0001000141462789541,40.859339786929915
4.0,41,OPEN,9.695999999998094,0.11115192558147205,0.012151537998244586,9.14714874755188
4.0,41,PARTIAL,3.7910000000011905,0.04341131886566136,0.0036939392827123755,11.75203909518118
4.0,42,LOCKED,0.17299999999977445,0.002040154939593886,4.285788702092591e-05,47.60278869085997
4.0,42,OPEN,6.079999999999245,0.07185483626640214,0.009351315953440013,7.683927762056776
4.0,42,PARTIAL,2.4780000000000655,0.0292840822658261,0.002294737688015101,12.761407292332487
4.0,43,LOCKED,0.009000000000014552,0.00010974511792317744,1.7811800630276956e-05,6.161371340336578
4.0,43,OPEN,2.4230000000004566,0.029266164941138477,0.0041771412555755205,7.00626652308559
4.0,43,PARTIAL,1.4190000000012333,0.017127176779993033,0.0018580448495143153,9.217848957989363
4.0,44,LOCKED,0.11200000000008004,0.001372539922411203,0.0002117427057002795,6.482111947478488
4.0,44,OPEN,3.024999999999636,0.037315177895585326,0.005978365903355092,6.241701912999979
4.0,44,PARTIAL,0.6799999999998363,0.008333795909672271,0.0010336409100903871,8.062563921684871
4.0,45,LOCKED,0.24999999999977263,0.0031846892624871337,0.00010666678986358088,29.85642735250701
4.0,45,OPEN,3.6470000000006166,0.046341611649501555,0.0060296704757263585,7.685596059694963
4.0,45,PARTIAL,1.5959999999990941,0.020377650769510407,0.0010875358949329467,18.73745120915463
4.0,46,LOCKED,0.06100000000014916,0.0007849519492124752,2.282944372966533e-05,34.3833147450931
4.0,46,OPEN,0.8990000000007967,0.011633449717047151,0.0019053026108826591,6.1058278357461475
4.0,46,PARTIAL,0.9480000000005475,0.012247684207356653,0.0007597204828810413,16.12130314153241
4.0,47,LOCKED,1.5669999999995525,0.020815598694930722,0.00044583255496505813,46.689274847957506
4.0,47,OPEN,2.431000000000722,0.03204616602934546,0.0043946373166704605,7.292107111497614
4.0,47,PARTIAL,0.3320000000001073,0.0044104593788154975,9.031748945625639e-05,48.832838527377604
4.0,48,LOCKED,1.4710000000004584,0.019788428378969342,0.0004349296395836903,45.49799916582048
4.0,48,OPEN,1.298999999998614,0.017492278026726565,0.0026400537022890354,6.625728109833538
4.0,48,PARTIAL,0.20500000000015461,0.0027543399579288523,6.012406271735633e-05,45.81094213272023
4.0,49,LOCKED,0.021999999999934516,0.00029998420336227374,5.911497152044949e-06,50.74589323932956
4.0,49,OPEN,2.781000000000631,0.03811716556606594,0.005290960919838857,7.204204707531056
4.0,50,OPEN,2.5499999999999545,0.03589559375603861,0.00589508191160843,6.089074637852616
4.0,51,OPEN,2.069999999999254,0.029655862197017095,0.0036047466174231706,8.226892301855155
4.0,52,OPEN,1.801000000000613,0.02614316057687963,0.0032287164895618797,8.097075311938312
4.0,53,LOCKED,0.18000000000029104,0.0026771639735097687,0.0,
4.0,53,OPEN,0.33100000000013097,0.00492127597010227,0.000991807322277726,4.961927442520145
4.0,53,PARTIAL,0.2809999999994943,0.0041740410681026475,0.0,
4.0,54,LOCKED,0.09900000000016007,0.001495051202787911,7.729967776521808e-06,193.4097587481312
4.0,54,OPEN,0.73700000000008,0.011146824008043286,0.0023276120248256725,4.788952750352856
4.0,54,PARTIAL,0.35900000000037835,0.005421197239506117,1.8015325340498844e-05,300.92141757324515
4.0,55,LOCKED,0.6009999999992033,0.009288376224033348,0.00020153167713780792,46.088914437415866
4.0,55,OPEN,1.5600000000010823,0.02410849824312957,0.004537226893127857,5.3134874695476695
4.0,55,PARTIAL,0.34000000000060027,0.005258540843993367,9.328460400924613e-05,56.370940305134965
4.0,56,LOCKED,0.24499999999989086,0.003864986968383828,8.47242426343093e-05,45.61843043042667
4.0,56,OPEN,1.2210000000000036,0.019170961831957576,0.0036433213717130914,5.261946415378499
4.0,56,PARTIAL,0.29599999999982174,0.004657603376125676,9.63623100415759e-05,48.33428520047033
4.0,57,LOCKED,0.1659999999997126,0.002636870821663991,5.645576902261249e-05,46.70684444326377
4.0,57,OPEN,2.3779999999978827,0.037914152930515796,0.005060987291318638,7.491453889945904
4.0,57,PARTIAL,0.2220000000006621,0.0035291716835292443,7.331656587771392e-05,48.136074586685034
4.0,58,OPEN,1.1210000000005493,0.01817637746293429,0.0024334794716722487,7.469295580473407
4.0,59,OPEN,2.1310000000000855,0.03519443225991195,0.0036857207681680712,9.548860175157756
4.0,60,OPEN,0.05099999999993088,0.0008566637503635637,1.8712187042010152e-05,45.78105960785313
4.0,64,LOCKED,0.15100000000029468,0.002711574535438006,1.1007168848496447e-06,2463.4622878601526
4.0,64,PARTIAL,0.01999999999998181,0.0003591905922471773,2.201433769649235e-06,163.16211607147685
4.0,65,LOCKED,0.31899999999950523,0.005803694793854765,1.5210110259465715e-05,381.56822632123584
4.0,65,PARTIAL,0.6109999999998763,0.011105153697190617,8.498113220772343e-06,1306.778741197018
4.0,66,PARTIAL,0.22000000000025466,0.004069588619474106,7.499700799353663e-05,54.26334634342786
4.0,67,LOCKED,0.7489999999997963,0.014012830008166402,0.00032150606630783134,43.58496301201852
4.0,67,PARTIAL,0.13100000000031287,0.0024508870745923164,5.425785455206692e-05,45.17110185844883
4.0,68,LOCKED,0.6790000000000873,0.012959154662883636,0.00027373161314575274,47.342557602155104
4.0,68,OPEN,1.1900000000000546,0.022721113402934947,0.0008151920010994685,27.872100526367348
4.0,68,PARTIAL,0.29999999999972715,0.005697725284333709,0.00011295394581708493,50.44290611644924
4.0,69,OPEN,0.05099999999993088,0.0009823957659020255,2.521001377646641e-05,38.96847398072799
4.0,72,PARTIAL,0.1069999999999709,0.002161255337387944,4.048510083512632e-05,53.38396824524546
4.0,73,LOCKED,0.28099999999994907,0.005756545643474041,0.00011093953261149197,51.88903818112655
4.0,73,PARTIAL,0.11999999999989086,0.002446790551871158,4.4028675392984696e-05,55.57265872824821
4.0,74,LOCKED,0.23900000000003274,0.004953166803258625,9.897939752856518e-05,50.04240202441275
4.0,74,PARTIAL,0.04100000000016735,0.0008467197115986714,1.5043130759344853e-05,56.28613651933363
4.0,75,LOCKED,0.13999999999987267,0.0029228526076849805,5.393645109436421e-05,54.19067343847523
4.0,75,OPEN,0.12100000000009459,0.002533298454748783,5.739871648741682e-05,44.135106319043615
5.0,28,OPEN,0.08799999999996544,0.000700374821724503,1.2915078115282185e-05,54.2292362053747
5.0,29,OPEN,0.9830000000006294,0.008083794767090641,0.00014522047069479377,55.665669780675415
5.0,30,OPEN,3.184999999999718,0.02699406339957449,0.00048464984728607943,55.69807470431414
5.0,31,OPEN,11.979000000000042,0.1046590163726751,0.0018652051418720883,56.111263057976494
5.0,32,OPEN,18.506000000000313,0.16777085822701082,0.003097684036862976,54.16009387352247
5.0,33,OPEN,13.126999999997793,0.12233915639792953,0.0022427794781278124,54.548009552884636
5.0,34,OPEN,38.352000000002704,0.3679855567021891,0.008114608078448295,45.34853108673569
5.0,35,OPEN,33.36999999999739,0.32849236436227996,0.007353343514256442,44.672517165206386
5.0,36,OPEN,82.96200000000124,0.8386095809886475,0.02046419409686097,40.97936019465741
5.0,37,LOCKED,0.8209999999999127,0.008627376326338775,0.00018076407213978333,47.727273590447204
5.0,37,OPEN,115.45200000000011,1.2039975637895377,0.03727858123878339,32.29730112520857
5.0,37,PARTIAL,2.098999999999478,0.021948016625395323,0.0007567358143438016,29.00353889610392
5.0,38,OPEN,62.81600000000299,0.6722092938977964,0.021708153335504226,30.96575206138706
5.0,38,PARTIAL,1.9170000000017353,0.02051702756142352,0.0009784038662988574,20.969896244417036
5.0,39,LOCKED,0.11999999999989086,0.0013184170024393535,2.4296640461720875e-05,54.263345770642935
5.0,39,OPEN,148.60399999999686,1.6302765766825629,0.06120827276262101,26.634905758656675
5.0,39,PARTIAL,1.4729999999990468,0.01604319302224878,0.0008817317729811014,18.19509460117033
5.0,40,OPEN,60.81800000000044,0.6824279764248866,0.027447277851929956,24.863229793001192
5.0,40,PARTIAL,0.02099999999973079,0.00023373567808122173,4.709341652253779e-06,49.63234679933688
5.0,41,LOCKED,0.79099999999994,0.009144230911430892,0.00018442019140200018,49.58367542032448
5.0,41,OPEN,100.6689999999993,1.1572392691127376,0.04708915849929783,24.575492661012273
5.0,41,PARTIAL,3.590999999999667,0.04116941534764444,0.0027047522860208753,15.221140790017136
5.0,42,LOCKED,8.85299999999802,0.10515511436102902,0.0027257006655339393,38.57911313986128
5.0,42,OPEN,124.021999999998,1.465454708994728,0.06697392804821033,21.880972965178916
5.0,42,PARTIAL,4.115999999999531,0.04876770034017412,0.002377511123931723,20.51208082657729
5.0,43,LOCKED,11.971000000001595,0.14466145697533603,0.004845552038070767,29.85448424426214
5.0,43,OPEN,52.35300000000268,0.632531013832454,0.030245440537729963,20.913268333565753
5.0,43,PARTIAL,2.3750000000013642,0.028659934610888067,0.0011147356908084384,25.71007176607314
5.0,44,LOCKED,44.54099999999676,0.5502920745025013,0.02237451979843231,24.59458703292743
5.0,44,OPEN,51.9779999999995,0.6407156517876436,0.03407529055405858,18.80294023527645
5.0,44,PARTIAL,11.929000000002361,0.147707661560871,0.00575452708852853,25.668079980946068
5.0,45,LOCKED,95.37800000000107,1.2121695220656616,0.05058344561576077,23.963759433738026
5.0,45,OPEN,30.624999999998295,0.38877916762952075,0.026235849502424538,14.818623181749553
5.0,45,PARTIAL,34.53299999999945,0.43813958171179046,0.018553894050928336,23.614427273819015
5.0,46,LOCKED,70.04599999999846,0.9065878479357857,0.038615619777809224,23.47723157500022
5.0,46,OPEN,11.837000000000558,0.15319075156787787,0.010586339715840696,14.47060605269009
5.0,46,PARTIAL,19.762000000003354,0.2556531901508831,0.01235890465588286,20.685748233294422
5.0,47,LOCKED,127.94799999999873,1.6886600568760763,0.0719151528508267,23.481283011090262
5.0,47,OPEN,10.336000000000922,0.13627002522512047,0.011192043103311223,12.175616548939512
5.0,47,PARTIAL,18.11399999999753,0.23869001076392368,0.011483034126730463,20.786319027677166
5.0,48,LOCKED,37.55800000000272,0.505591486695358,0.022840202217225547,22.136033730649405
5.0,48,OPEN,1.7000000000007276,0.02288914777690529,0.0027121096463136704,8.439610031259788
5.0,48,PARTIAL,6.367999999998915,0.08574188878937818,0.004175262114863487,20.535690078988388
5.0,49,LOCKED,13.578999999998814,0.18595964001767787,0.009254933293797273,20.093028670699272
5.0,49,OPEN,3.68199999999797,0.050491298574995375,0.003931160985151429,12.843864386553593
5.0,49,PARTIAL,3.732000000000994,0.051041708857711136,0.002356330296451707,21.66152552321403
5.0,50,LOCKED,1.4549999999994725,0.0203610112987019,0.0010050355088407294,20.258996940503682
5.0,50,OPEN,1.4070000000003802,0.019821842824982023,0.001806776417894028,10.970833263413018
5.0,50,PARTIAL,0.6100000000005821,0.008579124961099525,0.00023236630258864266,36.92069317076118
5.0,51,LOCKED,0.37999999999988177,0.005441485612908169,0.00011993252904037232,45.371223774297526
5.0,51,OPEN,0.9820000000001983,0.014064843809321294,0.0009366615507064801,15.015929498454206
5.0,51,PARTIAL,0.45999999999958163,0.006584014133402406,0.00011192227120416986,58.8266666014289
5.0,52,LOCKED,0.08000000000038199,0.0011666796464261217,0.0,
5.0,52,OPEN,2.2809999999997217,0.03322320752490245,0.0026704475912132835,12.441063301230306
5.0,52,PARTIAL,0.29999999999972715,0.004357278127250161,1.6510091403408232e-05,263.9160511461901
5.0,53,LOCKED,0.04899999999997817,0.0007250055509156112,0.0,
5.0,53,OPEN,1.169999999999618,0.017363701210518792,0.0017969522107478236,9.662861987460799
5.0,54,LOCKED,0.030000000000654836,0.0004568424567293261,7.705018193947513e-06,59.291548083324116
5.0,54,OPEN,1.512000000000171,0.02280067737744087,0.0023221793580854235,9.818654746909573
5.0,54,PARTIAL,1.4799999999995634,0.022462039186480185,0.0014231531796210835,15.783289886237498
5.0,55,LOCKED,0.8940000000002328,0.013796356649854697,0.00021500464649291026,64.16771393035745
5.0,55,OPEN,0.028999999999996362,0.00044438741637697367,4.46891055239145e-05,9.943976527772936
5.0,55,PARTIAL,1.7779999999993379,0.027391863624264,0.0009272367089618223,29.54139256946936
5.0,56,LOCKED,0.649000000000342,0.010199174620895559,0.00018223619266042926,55.966789428597444
5.0,56,OPEN,0.007999999999810825,0.00012660268822811736,2.3481960209057922e-06,53.91487214056418
5.0,56,PARTIAL,0.1799999999998363,0.0028217783259123206,5.317463990234819e-05,53.0662423120182
5.0,57,LOCKED,0.7919999999994616,0.012703411915760599,0.0002229833991893515,56.97021375556843
5.0,57,OPEN,0.2530000000006112,0.004038725390569565,7.780125934179486e-05,51.91079713538725
5.0,57,PARTIAL,0.009000000000014552,0.0001444688021954836,1.981290392689317e-06,72.91652083336858
5.0,58,LOCKED,0.22800000000006548,0.0037046185678695906,6.201784252056013e-05,59.73472177206805
5.0,58,OPEN,0.0500000000001819,0.0008128342554340225,1.5336655261958077e-05,52.99944750340861
5.0,59,LOCKED,0.9169999999994616,0.015043852682439383,0.0002887336709193833,52.10286917537838
5.0,59,OPEN,0.15799999999990177,0.0026036034169274296,5.21495199654523e-05,49.92574080551938
5.0,59,PARTIAL,0.6620000000002619,0.010856488977384015,0.00027207037534752846,39.90323813651708
5.0,60,LOCKED,0.19099999999980355,0.003222355057572564,0.0,
5.0,60,PARTIAL,0.04100000000016735,0.0006935192917837474,0.0,
5.0,61,PARTIAL,0.1289999999999054,0.002203962194117857,0.0,
5.0,62,PARTIAL,0.32999999999992724,0.005729290324809998,0.0,
5.0,63,LOCKED,0.058999999999741704,0.0010428438198652563,0.0,
5.0,63,PARTIAL,0.1390000000001237,0.002450621287294011,0.0,
5.0,64,LOCKED,0.0500000000001819,0.0008958791767226954,0.0,
5.0,64,PARTIAL,0.11200000000008004,0.0019911494649027563,0.0,
5.0,65,LOCKED,0.11000000000012733,0.002012860228512583,3.139094798127921e-05,64.12231416881717
5.0,65,PARTIAL,0.33100000000013097,0.0060559526807949515,0.0001003403595919989,60.35410581962725
5.0,66,LOCKED,0.669999999999618,0.012355640851538287,0.0001906072724167453,64.82250490696815
5.0,66,PARTIAL,0.03999999999996362,0.0007387413063259947,1.2718416698516642e-05,58.0843766828425
5.0,67,LOCKED,0.6480000000001382,0.012187836921275908,0.00017865697319885816,68.21920635423484
5.0,67,PARTIAL,0.7080000000000837,0.013324074765266735,0.00039080809228653196,34.09365115064663
5.0,68,LOCKED,0.4420000000000073,0.008412561612404336,0.00013421633079995182,62.67912080641796
5.0,68,OPEN,0.2889999999997599,0.005487052833668469,0.00016266316426278915,33.732608476765556
5.0,68,PARTIAL,0.342000000000553,0.006488253909470805,0.00017696281296144829,36.66450482387102
5.0,69,LOCKED,0.17000000000007276,0.003285148687471457,4.989916544544939e-05,65.83574410804198
5.0,70,LOCKED,0.38000000000010914,0.007443142732387493,0.00010787098852420167,69.00041275432984
5.0,71,LOCKED,0.19899999999961437,0.003950227282970869,6.326276697154173e-05,62.44158249903688
5.0,71,PARTIAL,0.08100000000013097,0.0016077979599168498,2.428540865683329e-05,66.20427857055874
5.0,72,LOCKED,0.08100000000013097,0.001622319770191215,2.87197252500663e-05,56.48799757189425
5.0,72,PARTIAL,0.03999999999996362,0.0008065467116477726,1.6143847644094385e-05,49.96000516288427
6.0,38,OPEN,0.0820000000003347,0.0008799553070419825,9.188470064001418e-06,95.76733677236115
6.0,39,OPEN,2.4540000000004056,0.02701523604645665,0.0003815546920783861,70.80305027649004
6.0,40,OPEN,4.004000000001497,0.044973186522009455,0.0006229208869640691,72.19726848652542
6.0,41,OPEN,12.894999999999982,0.14820589222157274,0.0020165416030783474,73.49508286629413
6.0,42,OPEN,18.233000000001084,0.21570334046484163,0.0033325312611803587,64.72657675488423
6.0,43,OPEN,12.096999999998957,0.1461512144796637,0.002238941150624891,65.27693433964208
6.0,43,PARTIAL,0.23600000000033106,0.0028539528516919816,3.9626541665042365e-05,72.02124464496669
6.0,44,LOCKED,0.9830000000006294,0.012127340165647205,0.00016868120186314283,71.89503057659357
6.0,44,OPEN,31.58699999999999,0.3900656327867574,0.006398088173880596,60.965967049212
6.0,44,PARTIAL,0.7649999999994179,0.00946864171130696,0.00012916969495756236,73.30389465127872
6.0,45,LOCKED,0.22600000000056752,0.002848824284088032,4.312264312739686e-05,66.0633040435804
6.0,45,OPEN,56.03899999999828,0.7124190161253896,0.016820104467088412,42.355207574326705
6.0,45,PARTIAL,0.7519999999999527,0.009502264525490927,0.00013904961046466266,68.33722506476049
6.0,46,LOCKED,0.306999999999789,0.003984915738151909,5.645371326206221e-05,70.5873096363678
6.0,46,OPEN,56.60800000000643,0.7328015198697801,0.022415502769369457,32.691728015627895
6.0,46,PARTIAL,1.4380000000005566,0.01862843572685343,0.0003747170341255545,49.71334108235842
6.0,47,LOCKED,2.8110000000008313,0.037080986761712426,0.0005912822096292243,62.71284026110784
6.0,47,OPEN,55.3039999999944,0.7292808145258681,0.019726503844735732,36.96959280093041
6.0,47,PARTIAL,2.335999999999558,0.030856269062210215,0.0005279726855173206,58.442926894932995
6.0,48,LOCKED,0.11800000000016553,0.0015843791700931994,2.5513149767758773e-05,62.10049266811405
6.0,48,OPEN,22.213999999999487,0.2990746295161668,0.0069073070006960575,43.29829693193436
6.0,48,PARTIAL,1.6850000000007412,0.022677007432230143,0.00045929468674217215,49.37354619336151
6.0,49,LOCKED,0.34999999999990905,0.004797459145774933,6.97235369717557e-05,68.80688149424111
6.0,49,OPEN,53.54400000000169,0.7342225767581956,0.02373695925890741,30.931618862794103
6.0,49,PARTIAL,2.7699999999997544,0.03804647675136203,0.0008023120501970992,47.42104614035821
6.0,50,LOCKED,2.0680000000004384,0.029135792285912582,0.0003911198797037845,74.49325334211761
6.0,50,OPEN,10.074999999998454,0.1415355391435858,0.003836385228937552,36.89294236564002
6.0,50,PARTIAL,1.9290000000000873,0.027108463817691254,0.00042002777233649896,64.5396938085649
6.0,51,LOCKED,2.70299999999952,0.03873563402412279,0.000605469431693391,63.97620093847855
6.0,51,OPEN,3.7070000000014716,0.05308835847211625,0.0010113465101078776,52.49274896539017
6.0,51,PARTIAL,0.7190000000000509,0.010304444835722333,0.00034503020113771507,29.86534164761254
6.0,52,LOCKED,9.967000000000326,0.1454247521387425,0.0023928873536224944,60.77375598921943
6.0,52,OPEN,0.9439999999988231,0.01371985210272491,0.00039693807696843076,34.564212653794044
6.0,52,PARTIAL,1.094000000000051,0.01604137047283301,0.0005193308058454231,30.888540198802815
6.0,53,LOCKED,13.478000000000975,0.20009276617148913,0.005474259739421578,36.55156600089117
6.0,53,OPEN,0.29100000000016735,0.00432572585307842,0.0006149526108721904,7.034242601138357
6.0,53,PARTIAL,3.222999999999047,0.047842891638789777,0.0016727813737424705,28.600803661360786
6.0,54,LOCKED,28.325999999999112,0.4279228185621734,0.010910873015442656,39.219851423118456
6.0,54,OPEN,0.018000000000029104,0.00027018693203510405,4.285310976009782e-05,6.304955079052058
6.0,54,PARTIAL,8.569000000000415,0.1297970745436185,0.00388438948085802,33.41505149863286
6.0,55,LOCKED,18.25699999999847,0.2818764895550184,0.007109575838282568,39.64744113667267
6.0,55,OPEN,0.30999999999994543,0.004769021082409202,0.0007411570813281558,6.434561852749354
6.0,55,PARTIAL,7.3200000000006185,0.1131024520999591,0.003449587476246749,32.78723988846859
6.0,56,LOCKED,7.780000000001337,0.12218099236151665,0.003246970377745416,37.62922914201481
6.0,56,OPEN,0.3309999999996762,0.005194127409995457,0.0007556137673969206,6.87405078376107
6.0,56,PARTIAL,3.38799999999992,0.053190057279727074,0.0015738337663554378,33.796490084782256
6.0,57,LOCKED,20.034000000001242,0.31976277145072307,0.008364128396119226,38.23025619729679
6.0,57,OPEN,0.018999999999778083,0.0003015613219633654,3.611646343224077e-05,8.349691340325558
6.0,57,PARTIAL,3.49599999999964,0.0557180568250292,0.0028338883752111756,19.661344925372088
6.0,58,LOCKED,9.486999999999625,0.15393533172763885,0.004421221932416623,34.81737268128912
6.0,58,PARTIAL,3.9370000000005803,0.06390091588593955,0.0026176251720183854,24.41178995717983
6.0,59,LOCKED,11.19800000000032,0.1843768999512231,0.005088220472594787,36.23602808570878
6.0,59,PARTIAL,3.899000000000342,0.06433402918220447,0.002815656645476865,22.84867698110568
6.0,60,LOCKED,8.015999999999167,0.13485944548797185,0.0029587450237354923,45.57994839234518
6.0,60,PARTIAL,1.320999999999458,0.022231071211331676,0.0017039098787313021,13.04709332860051
6.0,61,LOCKED,5.725000000000364,0.09782332117612141,0.002328369523117259,42.013658143555304
6.0,61,PARTIAL,0.3220000000001164,0.005502241907263934,0.0002007688605161049,27.40585314435535
6.0,62,LOCKED,2.5360000000009677,0.044017105256477576,1.623630786235882e-05,2711.029233347066
6.0,63,LOCKED,1.3809999999989486,0.024323511189768682,2.56000839378742e-05,950.1340405287935
6.0,64,LOCKED,1.674000000000433,0.02986868890560774,0.00013212519917457717,226.06352983538142
6.0,64,PARTIAL,0.9810000000006767,0.017578781228883584,0.0001531857904462599,114.75464648302683
6.0,65,LOCKED,0.6169999999997344,0.011232045107115538,9.130046098060838e-05,123.02287399733011
6.0,65,PARTIAL,1.5769999999997708,0.02872538850570518,0.0002862309050011701,100.35739678630354
6.0,66,LOCKED,0.7450000000003456,0.013753055607419112,0.00016641669517091613,82.64228293497965
6.0,66,PARTIAL,1.0760000000000218,0.01987950009134953,0.0003304893161729936,60.15171782722219
6.0,67,LOCKED,0.977999999999156,0.018269252262591476,0.00028903955940016936,63.20675377621259
6.0,67,PARTIAL,1.9329999999999927,0.03612984334819298,0.0007445826428345612,48.5236174867706
6.0,68,LOCKED,0.14199999999982538,0.002697989678220334,3.166395572011065e-05,85.20696851867964
6.0,68,PARTIAL,0.03900000000021464,0.0007391800058990599,8.585591701687076e-06,86.09540630191049
6.0,69,LOCKED,0.06899999999995998,0.0013285019651892304,1.719539917473346e-05,77.25915238660477
