gear,speed_bin_mph,total_time_s,distance_miles,fuel_gal,mpg
1.0,0,765.1899999999985,0.0044002808687882665,0.12786752949439484,0.034412808992146486
1.0,1,47.8040000000006,0.020590709299318156,0.012036060384433302,1.710751578311198
1.0,2,27.471000000000487,0.01898491190868838,0.0077821465254412315,2.439546961320158
1.0,3,51.425000000002086,0.04946662321693608,0.014018166748349251,3.528751234376718
1.0,4,40.36799999999724,0.051916994391762845,0.013096579438889372,3.964164431943121
1.0,5,28.184000000003834,0.04362486223703711,0.009647504231269633,4.521880601579792
1.0,6,36.84399999999869,0.0667370341895781,0.014164481213176408,4.711576314386753
1.0,7,27.066000000001736,0.056124711432080164,0.010050168701904685,5.5844546590987605
1.0,8,39.853999999997825,0.09300053981707085,0.016736645561107877,5.55670128028419
1.0,9,34.780000000001024,0.09273399699172018,0.016826724851337974,5.511113886452268
1.0,10,20.779999999998296,0.060820026753070175,0.011506726289063383,5.285606455319688
1.0,11,23.722000000000463,0.07571963911122556,0.017868737498048258,4.237548350547774
1.0,12,13.723999999996778,0.04741360589834217,0.011651133718227536,4.069441399008775
1.0,13,19.53300000000334,0.07257366816899638,0.018683791454658764,3.884311615504587
1.0,14,19.30999999999875,0.07823560263475378,0.020725141285193597,3.7749128731222044
1.0,15,10.30800000000113,0.04444163531119946,0.01211577611109011,3.6680799400477575
1.0,16,8.040999999998462,0.036610693632788925,0.011426851851337103,3.203917763973194
1.0,17,2.164000000000044,0.010438927998432684,0.0038391754052933087,2.719054717854227
1.0,18,1.1200000000008004,0.005728698400757858,0.0028256427967763044,2.027396529842189
1.0,19,0.6449999999999818,0.0035036980526578195,0.0018723504798915074,1.8712832294415518
1.0,20,0.34400000000005093,0.0019591337150103244,0.001298616091413484,1.5086319413136928
1.0,21,0.5479999999997744,0.00326778951582479,0.002037168804071968,1.6040838193148315
1.0,22,0.46299999999973807,0.0028936131651291215,0.0017815590218188914,1.6242028075920119
1.0,23,0.397000000000844,0.002598002055583644,0.0016197855720972616,1.6039172717286336
1.0,24,0.31199999999989814,0.0021271962213320166,0.0014264182718580825,1.4912850342004424
1.0,25,0.387000000000171,0.0027402057783135554,0.001857749353374326,1.4750137166439479
1.0,26,0.294999999999618,0.002174663383920446,0.0013993076802619245,1.5540995126342687
1.0,27,0.44699999999966167,0.003424273062161307,0.002118971092650117,1.6160074453298456
1.0,28,0.3380000000001928,0.0026791418623058143,0.0016078726731018128,1.6662649394602698
1.0,29,0.3619999999996253,0.002961800329185754,0.0017820305082780043,1.6620368256477125
1.0,30,0.18000000000074579,0.0015261878283947168,0.0008824916299980762,1.7294077093944153
1.0,31,0.28799999999955617,0.0025217297886527133,0.0015918556221450688,1.584144788994503
1.0,32,0.14100000000053114,0.0012797222724957552,0.0007834492715218836,1.6334462472724496
1.0,33,0.08099999999967622,0.0007549534970996234,0.0004500809759350043,1.6773726006331924
1.0,34,0.12800000000015643,0.0012318413136148086,0.0007068708438895488,1.742668161041437
1.0,35,0.17099999999982174,0.0016864216843740204,0.0007109689063751737,2.3720048362904165
1.0,36,1.4109999999996035,0.01416781438294312,0.006479639624409209,2.1865127081407545
1.0,37,0.4800000000000182,0.005003670555831931,0.0025651421419999004,1.9506406580380937
1.0,38,0.15700000000060754,0.001680616546666702,0.0009738081816042519,1.7258188813920763
1.0,39,0.26199999999971624,0.0028744781219228167,0.0017361732172250044,1.6556401708103818
1.0,40,0.10500000000001819,0.0011835343050575606,0.000655354459152801,1.8059452995674365
1.0,41,0.23200000000042564,0.002674539356517428,0.0014415563723931526,1.8553137482076951
1.0,42,0.10300000000006548,0.0012116553704429305,0.0006612675390360119,1.8323224699782898
1.0,43,0.08799999999973807,0.0010636820872328783,0.0006050429039544632,1.758027538676717
1.0,44,0.021000000000185537,0.00025710733975668336,0.00014460033045550404,1.7780549943888242
2.0,2,0.05199999999967986,3.8590603099610246e-05,7.631637068077303e-06,5.056661205894147
2.0,3,0.2780000000002474,0.00026239901337323326,3.763938078228543e-05,6.971395594709903
2.0,4,0.7099999999995816,0.0009617829949763517,0.00010364153392675857,9.279899269495807
2.0,5,1.1030000000002929,0.0017106620688671337,0.00014437606007507123,11.848654603662412
2.0,6,2.8530000000007476,0.005170951614523174,0.0003441213215840636,15.026536544495947
2.0,7,1.5709999999992306,0.0032708594958370256,0.00018937414888230077,17.27194295072407
2.0,8,4.193000000000438,0.00978502055826171,0.0005157388458834044,18.972820520240308
2.0,9,5.53899999999976,0.01481300389897463,0.000724163566579891,20.45532885468691
2.0,10,4.669999999999845,0.013738354728925926,0.0006961128570573983,19.735815234042033
2.0,11,17.3130000000003,0.05565154059526417,0.003273911475011831,16.998486678709924
2.0,12,10.734999999999445,0.037068771445973384,0.0026162627886113284,14.168596368581502
2.0,13,18.668000000001797,0.06963785541634684,0.006154559105984628,11.314840627435316
2.0,14,24.917999999998415,0.10148072289889373,0.009834046633637803,10.31932496148374
2.0,15,17.266000000000275,0.07449527817111794,0.008020312898441273,9.288325669388273
2.0,16,29.276999999999276,0.1340476871981508,0.020281673871328555,6.6093009900750355
2.0,17,23.60700000000014,0.11423807147584435,0.016281854115818922,7.016281478953576
2.0,18,39.437000000000836,0.200781790946899,0.030903567513600336,6.4970424808895295
2.0,19,33.391000000001355,0.1812573241332446,0.02920694594399491,6.205966364330262
2.0,20,15.201000000001216,0.08660961097606522,0.015564376277671129,5.5646053160714555
2.0,21,26.07999999999828,0.1553080022727084,0.027486494333361193,5.650338685941713
2.0,22,18.8229999999989,0.11810944529282329,0.023373630479879795,5.0531065507556825
2.0,23,5.0499999999999545,0.033025348318445884,0.007928225294624499,4.165541100457596
2.0,24,3.918000000001257,0.026625009357926943,0.007299031341890474,3.6477455857904255
2.0,25,2.5829999999998563,0.01827100274725688,0.0053584939835986615,3.4097272112614045
2.0,26,4.65900000000056,0.03416241666268417,0.009344519557331416,3.655877271494543
2.0,27,2.484999999999445,0.019039717599789972,0.006028782300992469,3.1581365272810764
2.0,28,1.4939999999996871,0.011848747084696824,0.004256385333224304,2.7837580851076615
2.0,29,1.971000000000231,0.016148398408990655,0.005549225134111128,2.9100276198430532
2.0,30,1.2529999999994743,0.010604916652022425,0.0036663590443305684,2.8924926674656195
2.0,31,2.548999999999751,0.022280705297658906,0.007495808774509091,2.9724217850151993
2.0,32,3.100999999999658,0.028046283696641115,0.008493966588959864,3.3019065242256325
2.0,33,1.3489999999999327,0.012558175834636146,0.004573871457100539,2.745633748657424
2.0,34,2.0349999999998545,0.019484261775656844,0.007310875261993827,2.6651065812799932
2.0,35,1.1749999999994998,0.01156836391807834,0.004273387294805904,2.7070712575336033
2.0,36,1.5000000000004547,0.015176617512224027,0.005708663244640076,2.6585238718492485
2.0,37,1.0889999999999418,0.011360775714643192,0.004531429773582248,2.507106207598163
2.0,38,0.7880000000004657,0.008425551714184175,0.0035235297158636783,2.391224821022668
2.0,39,1.447999999999638,0.015896801957553275,0.00647891065303174,2.4536226549311233
2.0,40,0.7219999999997526,0.008116045046881496,0.003257156737392218,2.491757597572494
2.0,41,1.293999999999869,0.014881384724497862,0.006160883251675092,2.4154628673497003
2.0,42,1.1099999999996726,0.013129552326101435,0.00533964755116396,2.458879954209599
2.0,43,1.1590000000003329,0.014000729679499653,0.0051429647252651004,2.722307156943988
2.0,44,1.8709999999996398,0.02310113632152426,0.007139277665691021,3.2357806214122458
2.0,45,0.9789999999998145,0.012377408413649668,0.004715980327494269,2.6245674396665954
2.0,46,0.8890000000005784,0.011491183930878309,0.004494299076142339,2.556835612449208
2.0,47,1.1309999999998581,0.01493584730088183,0.006180434039016441,2.4166340432716167
2.0,48,0.6480000000001382,0.008716861299912957,0.0036194156942036897,2.4083614694693862
2.0,49,0.7910000000001673,0.010857164641738914,0.0046068915283543855,2.356722439613674
2.0,50,0.7300000000000182,0.01026605234468073,0.004507481499370499,2.2775583984347922
2.0,51,0.42200000000002547,0.006040545335520177,0.0027171268356113156,2.2231370491621303
2.0,52,0.9659999999998945,0.01407680399778205,0.006090449634310098,2.3112914223083654
2.0,53,0.6720000000000255,0.00997896705749126,0.004235201107114885,2.356196743698237
2.0,54,1.0289999999999964,0.01556280855338933,0.006524957177688015,2.3851204122237157
2.0,55,1.0200000000008913,0.01575569249135657,0.006386335706970753,2.4670943110865697
2.0,56,1.1009999999992033,0.01729474379325223,0.006310395158273839,2.740675244493417
2.0,57,1.2090000000002874,0.019307571083578504,0.005688648879924538,3.3940521714594953
2.0,58,0.5299999999997453,0.008598448827364163,0.0030748859440340335,2.7963472414471426
2.0,59,0.6400000000003274,0.010566201968064732,0.004333072644321827,2.4385009981106505
2.0,60,0.6799999999993815,0.011433149131173881,0.004603000145804862,2.483847223336276
2.0,61,0.580000000000382,0.00991009389308555,0.004025793461573961,2.4616498555320843
2.0,62,0.918999999999869,0.015948441052220895,0.006444823617635383,2.474612494992129
2.0,63,0.6990000000005239,0.012316644907873988,0.00480893081256003,2.5612023520291056
2.0,64,1.1309999999998581,0.02021651017474032,0.007190439113284158,2.811582137924069
2.0,65,0.8290000000001783,0.015082328099964381,0.005248565201288854,2.873609743146702
2.0,66,0.4519999999997708,0.008340845769153641,0.0026134731366928596,3.1914794347985196
2.0,67,1.4039999999999964,0.026340263555677205,0.004650252169521304,5.664265634521207
2.0,68,0.5160000000000764,0.009825974264307265,0.0032253720582429966,3.0464622644681523
2.0,69,0.19900000000006912,0.0038381168388408747,0.0010287405619790143,3.730888992514684
2.0,70,0.1289999999999054,0.0025152917567443206,0.00015973603432536005,15.746551912144142
3.0,11,0.2739999999992051,0.000899965819508858,3.057718124913146e-05,29.432595901377315
3.0,12,2.5460000000010723,0.008845486584771222,0.0002936661356805627,30.120894138073037
3.0,13,8.353000000000549,0.03124368087855562,0.001005615821687798,31.069201781369237
3.0,14,13.955999999998909,0.05650175783282112,0.0017353632566762148,32.559037778084786
3.0,15,11.856999999999744,0.051161680095182405,0.0015581280224268642,32.83535072778902
3.0,16,23.139999999998935,0.10601843458040508,0.0034200378069440935,30.99919958929803
3.0,17,15.310999999998444,0.0741076571580623,0.002574148704936592,28.78919038979443
3.0,18,26.001000000001426,0.1327096969229076,0.004754849776872976,27.910386899790566
3.0,19,30.335000000002765,0.16529062368131398,0.006586682695493715,25.094669247449513
3.0,20,20.61399999999753,0.1173664855713557,0.004500772527916294,26.07696453072967
3.0,21,24.803999999999803,0.14750717719234527,0.0070529634929111995,20.914212492465325
3.0,22,33.98599999999999,0.21402651329255815,0.017988266044120366,11.89811807139214
3.0,23,19.03200000000163,0.12476168542040048,0.014524428122733668,8.589782975697556
3.0,24,43.97199999999782,0.2999799547035674,0.03528680944726977,8.501192354946038
3.0,25,26.84500000000054,0.1900367643764219,0.021080666849665364,9.014741598624456
3.0,26,72.02499999999998,0.5279006070329416,0.04898928122757629,10.775838995894146
3.0,27,53.2540000000007,0.4079504756215968,0.04211319586259439,9.686998748626078
3.0,28,18.862000000000023,0.14968317036974363,0.018254928601995513,8.19960316653231
3.0,29,21.212000000001126,0.17378525737189882,0.025073797555668166,6.9309508057591
3.0,30,10.58199999999863,0.0895188167064114,0.013730158060336345,6.519867893219176
3.0,31,15.370000000000914,0.1339984572260549,0.02047681183141554,6.543912125054271
3.0,32,15.009999999999195,0.13599236930390596,0.019511170253266635,6.969975021418184
3.0,33,6.587000000000899,0.061374647169234596,0.010559152753297552,5.812459446622525
3.0,34,9.777000000000385,0.09356327942143802,0.016068697012004297,5.822704812440022
3.0,35,4.2359999999990805,0.04169464771296132,0.00831344142620105,5.015329461702157
3.0,36,5.939000000000078,0.06005574433090256,0.012884574026734184,4.6610578049606435
3.0,37,7.634000000001151,0.07975323412444986,0.012368768941606958,6.447952460019701
3.0,38,3.1249999999995453,0.03339030483517222,0.0055494081334034025,6.016912800878144
3.0,39,3.1469999999992524,0.034501241464088506,0.006700950494409167,5.148708603783012
3.0,40,2.2660000000007585,0.02543689712381793,0.004228894647612096,6.015022658032218
3.0,41,2.4779999999982465,0.028466074877883905,0.006069905123955777,4.6897067246633455
3.0,42,2.7690000000018244,0.03276646324336255,0.005975454662426639,5.4835096397595375
3.0,43,2.0850000000000364,0.025197218446714843,0.003784634863579826,6.6577673553641565
3.0,44,3.2000000000000455,0.03946615824930826,0.007378574637296509,5.348750970115356
3.0,45,5.112999999999374,0.06493524840515195,0.010030726242719737,6.473633796185168
3.0,46,1.1189999999996871,0.01446159632088609,0.0035932482290586786,4.024658303296398
3.0,47,1.8380000000001928,0.024265322496337543,0.005345211598589284,4.539637402332525
3.0,48,2.628000000000611,0.03540901974283317,0.004616214158078109,7.6705756124571085
3.0,49,1.1029999999996107,0.015124857705462649,0.00333629175596321,4.53343376772395
3.0,50,1.0320000000003802,0.014522663492256453,0.0038080662081315035,3.8136583500690393
3.0,51,1.0659999999995762,0.015261317637312552,0.004272209778802871,3.5722303977284966
3.0,52,0.91800000000012,0.013392354234825331,0.0034938145647776457,3.8331611442227906
3.0,53,0.5740000000002965,0.008523697673793473,0.0021992689677171984,3.8756958784540654
3.0,54,1.0499999999994998,0.01585697090515325,0.004025257249297246,3.9393683243280058
3.0,55,1.967999999999165,0.03046346692145839,0.00367257192755443,8.294859167467429
3.0,56,1.2560000000003129,0.019711841557644324,0.0015147250612208766,13.013478196337804
3.0,57,1.3930000000004839,0.0222181548828026,0.003685800679408677,6.028040259183825
3.0,58,0.1979999999998654,0.0032129967044292255,0.0009028309816860424,3.558802001265989
3.0,59,0.751999999999498,0.012406752073190749,0.0033731061366292273,3.67813865637472
3.0,60,0.637000000000171,0.010681676104524997,0.0032176448235035114,3.3197188286600023
3.0,61,0.22100000000000364,0.0037766118704307353,0.0010637669867911833,3.550224736549454
3.0,62,0.27899999999999636,0.0048401636418671295,0.001370419178424861,3.5318855121615713
3.0,63,0.18100000000004002,0.0031880739868652744,0.0008831374443910439,3.609940906835368
3.0,64,0.30999999999994543,0.005545316617422995,0.0015569726895632273,3.5616017253190266
3.0,65,0.7220000000002074,0.013182090831217163,0.0029823268689367906,4.420069097226966
3.0,66,1.3690000000001419,0.025284380794861883,0.002796432239949354,9.041656877521842
3.0,67,2.2209999999986394,0.04159718998509073,0.005889502258978958,7.062938115300475
3.0,68,1.8880000000003747,0.03595041741429888,0.006416352559842927,5.602936727525918
3.0,69,0.7230000000004111,0.013965855964421181,0.002013598348388812,6.935770470608507
3.0,70,0.2070000000003347,0.0040600126624016405,0.0010503106558037995,3.86553505857229
3.0,71,0.25999999999976353,0.005155081471353173,0.0013588060735195428,3.793831637799955
3.0,72,0.2919999999999163,0.005874670236691308,0.0016140872264095263,3.6396237703703793
3.0,73,0.32700000000022555,0.006691391180484924,0.0019384549861239694,3.4519198167529654
3.0,74,0.23099999999976717,0.004786649370932396,0.0008897973206696795,5.379482787529487
3.0,75,0.7690000000002328,0.016128273340487595,0.0027095515950921146,5.9523772751554835
3.0,76,0.03099999999994907,0.0006568012996400604,1.7061111714769052e-05,38.4969813585768
4.0,20,0.28400000000067394,0.0016315062960107506,4.3491122676521916e-05,37.513547492106866
4.0,21,4.210000000000775,0.02522694746752907,0.0006033795089870844,41.809420260025874
4.0,22,16.463999999998975,0.10377693510224677,0.0024303183155399396,42.70096408304886
4.0,23,12.177000000001385,0.07979680906897035,0.0018280595825302243,43.65109859194156
4.0,24,32.23599999999823,0.21976248036824922,0.005878938293982583,37.38132114657305
4.0,25,20.900000000002365,0.14803055335176096,0.004280950645312095,34.57889744976704
4.0,26,54.99400000000054,0.4034564993046746,0.015442813487808717,26.125841617085005
4.0,27,81.05299999999812,0.6211390536687786,0.024430028352638928,25.425228522163515
4.0,28,32.3359999999991,0.2566224047967368,0.009704337251227352,26.444093826632066
4.0,29,79.58900000000062,0.6528778448493786,0.02962874938055466,22.03528189677362
4.0,30,39.37000000000148,0.3330340892342537,0.015894844328117698,20.952334125419668
4.0,31,115.44600000000196,1.005933515197072,0.05556834825866587,18.102634804161145
4.0,32,82.20699999999675,0.7448363493211344,0.04151230838681655,17.94254230289152
4.0,33,60.85800000000086,0.567248692510926,0.03036430152339741,18.681433922457558
4.0,34,128.53699999999833,1.2293743343512722,0.06724163257418754,18.28293405867126
4.0,35,41.14599999999825,0.40487030049466377,0.028057687267181303,14.429924200068873
4.0,36,63.95800000000031,0.6466381712250153,0.04763139322932843,13.575881942224104
4.0,37,41.89600000000166,0.43670528892328264,0.03358502799956805,13.002975281988727
4.0,38,13.184999999998354,0.14106597790379122,0.012060007224094628,11.697006086526732
4.0,39,14.787000000001171,0.1619315375936666,0.017485689581786538,9.260803632379355
4.0,40,8.17199999999957,0.09174905799434542,0.009818369870242889,9.34463248042984
4.0,41,13.844999999999004,0.1586497564334449,0.015945491427235916,9.949505611502257
4.0,42,8.730999999999085,0.10317907347182213,0.01168891152847604,8.827089949347428
4.0,43,3.8510000000017044,0.046503086839054686,0.006052997905720113,7.682653713643125
4.0,44,3.8169999999995525,0.0470215137276688,0.007223749519145759,6.509294598745902
4.0,45,5.492999999999483,0.0699039516814991,0.007223873160522886,9.676796661313366
4.0,46,1.9080000000014934,0.024666085873616277,0.0026878525374933655,9.176874672082773
4.0,47,4.330000000000382,0.05727222410309168,0.004930787361091775,11.615228950049563
4.0,48,2.974999999999227,0.04003504636362476,0.003135107404590082,12.769912222149012
4.0,49,2.8030000000005657,0.03841714976942821,0.005296872416990901,7.252798773517109
4.0,50,2.5499999999999545,0.03589559375603861,0.00589508191160843,6.089074637852616
4.0,51,2.069999999999254,0.029655862197017095,0.0036047466174231706,8.226892301855155
4.0,52,1.801000000000613,0.02614316057687963,0.0032287164895618797,8.097075311938312
4.0,53,0.7919999999999163,0.011772481011714688,0.000991807322277726,11.869725850257593
4.0,54,1.1950000000006185,0.018063072450337316,0.002353357317942693,7.675448310640761
4.0,55,2.501000000000886,0.03865541531115629,0.004832043174274911,7.999807517646375
4.0,56,1.7619999999997162,0.02769355217646708,0.003824407924388977,7.241265242617041
4.0,57,2.7659999999982574,0.04408019543570903,0.005190759626218964,8.492050992509121
4.0,58,1.1210000000005493,0.01817637746293429,0.0024334794716722487,7.469295580473407
4.0,59,2.1310000000000855,0.03519443225991195,0.0036857207681680712,9.548860175157756
4.0,60,0.05099999999993088,0.0008566637503635637,1.8712187042010152e-05,45.78105960785313
4.0,64,0.1710000000002765,0.003070765127685183,3.3021506544988794e-06,929.9288400126583
4.0,65,0.9299999999993815,0.016908848491045382,2.370822348023806e-05,713.2060529604724
4.0,66,0.22000000000025466,0.004069588619474106,7.499700799353663e-05,54.26334634342786
4.0,67,0.8800000000001091,0.01646371708275872,0.00037576392085989825,43.813991096013545
4.0,68,2.168999999999869,0.04137799335015229,0.001201877560062306,34.427794248864444
4.0,69,0.05099999999993088,0.0009823957659020255,2.521001377646641e-05,38.96847398072799
4.0,72,0.1069999999999709,0.002161255337387944,4.048510083512632e-05,53.38396824524546
4.0,73,0.40099999999983993,0.008203336195345199,0.00015496820800447666,52.935607251186795
4.0,74,0.2800000000002001,0.0057998865148572954,0.00011402252828791003,50.8661455060216
4.0,75,0.26099999999996726,0.005456151062433764,0.00011133516758178103,49.00653747546532
5.0,28,0.08799999999996544,0.000700374821724503,1.2915078115282185e-05,54.2292362053747
5.0,29,0.9830000000006294,0.008083794767090641,0.00014522047069479377,55.665669780675415
5.0,30,3.184999999999718,0.02699406339957449,0.00048464984728607943,55.69807470431414
5.0,31,11.979000000000042,0.1046590163726751,0.0018652051418720883,56.111263057976494
5.0,32,18.506000000000313,0.16777085822701082,0.003097684036862976,54.16009387352247
5.0,33,13.126999999997793,0.12233915639792953,0.0022427794781278124,54.548009552884636
5.0,34,38.352000000002704,0.3679855567021891,0.008114608078448295,45.34853108673569
5.0,35,33.36999999999739,0.32849236436227996,0.007353343514256442,44.672517165206386
5.0,36,82.96200000000124,0.8386095809886475,0.02046419409686097,40.97936019465741
5.0,37,118.3719999999995,1.2345729567412718,0.03821608112526697,32.30506426586531
5.0,38,64.73300000000472,0.69272632145922,0.02268655720180308,30.534660473038347
5.0,39,150.1969999999958,1.647638186707251,0.06211430117606383,26.525907166483258
5.0,40,60.83900000000017,0.6826617121029679,0.02745198719358221,24.86747889284176
5.0,41,105.05099999999891,1.207552915371813,0.049978330976720706,24.16152944231524
5.0,42,136.99099999999555,1.6193775236959314,0.072077139837676,22.467283348686014
5.0,43,66.69900000000564,0.8058524054186781,0.03620572826660917,22.257594143241626
5.0,44,108.44799999999861,1.3387153878510158,0.06220433744101942,21.521254673283064
5.0,45,160.5359999999988,2.039088271406973,0.09537318916911365,21.380099472099086
5.0,46,101.64500000000237,1.3154317896545467,0.061560864149532775,21.36798772771175
5.0,47,156.39799999999718,2.0636200928651207,0.09459023008086838,21.816419001210402
5.0,48,45.626000000002364,0.6142225232616415,0.029727573978402703,20.6617103604848
5.0,49,20.992999999997778,0.2874926474503844,0.015542424575400409,18.49728438801048
5.0,50,3.4720000000004347,0.04876197908478345,0.0030441782293234,16.0181091287882
5.0,51,1.8219999999996617,0.02609034355563187,0.0011685163509510222,22.327752225630118
5.0,52,2.660999999999831,0.03874716529857874,0.0026869576826166917,14.42045981939129
5.0,53,1.2189999999995962,0.018088706761434405,0.0017969522107478236,10.066326000904926
5.0,54,3.0220000000003893,0.04571955902065038,0.0037530375559004544,12.182014791930593
5.0,55,2.700999999999567,0.04163260769049568,0.001186930460978647,35.07586085217561
5.0,56,0.8369999999999891,0.013147555635035998,0.00023775902858368323,55.29781860800503
5.0,57,1.0540000000000873,0.01688660610852565,0.0003027659489238357,55.774456039551765
5.0,58,0.2780000000002474,0.004517452823303613,7.73544977825182e-05,58.39935560055486
5.0,59,1.7369999999996253,0.028503945076750827,0.000612953566232364,46.502617240577884
5.0,60,0.2319999999999709,0.003915874349356311,0.0,
5.0,61,0.1289999999999054,0.002203962194117857,0.0,
5.0,62,0.32999999999992724,0.005729290324809998,0.0,
5.0,63,0.1979999999998654,0.0034934651071592674,0.0,
5.0,64,0.16200000000026193,0.002887028641625452,0.0,
5.0,65,0.4410000000002583,0.008068812909307535,0.0001317313075732781,61.25205205921987
5.0,66,0.7099999999995816,0.013094382157864282,0.00020332568911526195,64.40102190157238
5.0,67,1.356000000000222,0.025511911686542644,0.0005694650654853901,44.79978357372506
5.0,68,1.0730000000003201,0.020387868355543612,0.00047384230802418925,43.026694768046816
5.0,69,0.17000000000007276,0.003285148687471457,4.989916544544939e-05,65.83574410804198
5.0,70,0.38000000000010914,0.007443142732387493,0.00010787098852420167,69.00041275432984
5.0,71,0.27999999999974534,0.005558025242887718,8.754817562837501e-05,63.48533482274325
5.0,72,0.12100000000009459,0.0024288664818389876,4.486357289416069e-05,54.138944474373815
6.0,38,0.0820000000003347,0.0008799553070419825,9.188470064001418e-06,95.76733677236115
6.0,39,2.4540000000004056,0.02701523604645665,0.0003815546920783861,70.80305027649004
6.0,40,4.004000000001497,0.044973186522009455,0.0006229208869640691,72.19726848652542
6.0,41,12.894999999999982,0.14820589222157274,0.0020165416030783474,73.49508286629413
6.0,42,18.233000000001084,0.21570334046484163,0.0033325312611803587,64.72657675488423
6.0,43,12.332999999999288,0.1490051673313557,0.0022785676922899333,65.39422455411332
6.0,44,33.335000000000036,0.41166161466371154,0.006695939070701301,61.47929518429684
6.0,45,57.0169999999988,0.7247701049349686,0.01700227672068047,42.627826663555304
6.0,46,58.35300000000677,0.7554148713347855,0.022846673516757073,33.064545294995376
6.0,47,60.45099999999479,0.7972180703497908,0.02084575873988228,38.24365811279138
6.0,48,24.017000000000394,0.32333601611849017,0.0073921148372059885,43.74066464593806
6.0,49,56.66400000000135,0.7770665126553326,0.024608994846076267,31.5765238489304
6.0,50,14.07199999999898,0.19777979524718964,0.004647532880977835,42.55586787921273
6.0,51,7.129000000001042,0.10212843733196138,0.0019618461429389837,52.05731229206679
6.0,52,12.0049999999992,0.17518597471430045,0.003309156236436348,52.93977140920955
6.0,53,16.99200000000019,0.2522613836633573,0.00776199372403624,32.49956037482871
6.0,54,36.912999999999556,0.557990080037827,0.014838115606060773,37.60518483963762
6.0,55,25.886999999999034,0.39974796273738666,0.011300320395857474,35.37492289899392
6.0,56,11.499000000000933,0.18056517705123917,0.005576417911497774,32.3801371986378
6.0,57,23.54900000000066,0.37578238959771565,0.011234133234762644,33.45005633678113
6.0,58,13.424000000000206,0.21783624761357837,0.007038847104435009,30.947716917494194
6.0,59,15.097000000000662,0.24871092913342757,0.007903877118071652,31.466952916660073
6.0,60,9.336999999998625,0.15709051669930355,0.0046626549024667945,33.691216696349166
6.0,61,6.04700000000048,0.10332556308338535,0.0025291383836333636,40.854056761792414
6.0,62,2.5360000000009677,0.044017105256477576,1.623630786235882e-05,2711.029233347066
6.0,63,1.3809999999989486,0.024323511189768682,2.56000839378742e-05,950.1340405287935
6.0,64,2.6550000000011096,0.04744747013449132,0.0002853109896208371,166.30088521141946
6.0,65,2.1939999999995052,0.03995743361282072,0.0003775313659817785,105.83871225880941
6.0,66,1.8210000000003674,0.03363255569876864,0.0004969060113439097,67.68393807071791
6.0,67,2.9109999999991487,0.05439909561078446,0.0010336222022347306,52.62957344876256
6.0,68,0.18100000000004002,0.003437169684119394,4.0249547421797725e-05,85.39648031565058
6.0,69,0.06899999999995998,0.0013285019651892304,1.719539917473346e-05,77.25915238660477
